dataset,method,measure,discovery
EWAS1,IHW,sd.b,237
EWAS1,IHW,sd.m,257
EWAS1,IHW,mean,213
EWAS1,IHW,mad,193
EWAS1,IHW,dip,219
EWAS1,IHW,precision,261
EWAS1,IHW,icc.m,124
EWAS1,IHW,icc.b,134
EWAS1,IHW,direction,133
EWAS1,IHW,refgene.pos,123
EWAS1,IHW,cpg.loc,121
EWAS1,IHW,chr,127
EWAS1,IHW,dhs,119
EWAS1,IHW,probe.type,145
EWAS1,CAMT,sd.b,69
EWAS1,CAMT,sd.m,95
EWAS1,CAMT,mean,53
EWAS1,CAMT,mad,68
EWAS1,CAMT,dip,241
EWAS1,CAMT,precision,91
EWAS1,CAMT,icc.m,35
EWAS1,CAMT,icc.b,35
EWAS1,CAMT,direction,27
EWAS1,CAMT,refgene.pos,31
EWAS1,CAMT,cpg.loc,38
EWAS1,CAMT,chr,30
EWAS1,CAMT,dhs,31
EWAS1,CAMT,probe.type,31
EWAS1,FDRreg,sd.b,171
EWAS1,FDRreg,sd.m,168
EWAS1,FDRreg,mean,164
EWAS1,FDRreg,mad,165
EWAS1,FDRreg,dip,167
EWAS1,FDRreg,precision,169
EWAS1,FDRreg,icc.m,173
EWAS1,FDRreg,icc.b,172
EWAS1,FDRreg,direction,162
EWAS1,FDRreg,refgene.pos,162
EWAS1,FDRreg,cpg.loc,162
EWAS1,FDRreg,chr,162
EWAS1,FDRreg,dhs,162
EWAS1,FDRreg,probe.type,162
EWAS1,AdaPT,sd.b,243
EWAS1,AdaPT,sd.m,223
EWAS1,AdaPT,mean,245
EWAS1,AdaPT,mad,107
EWAS1,AdaPT,dip,173
EWAS1,AdaPT,precision,188
EWAS1,AdaPT,icc.m,28
EWAS1,AdaPT,icc.b,28
EWAS1,AdaPT,direction,0
EWAS1,AdaPT,refgene.pos,28
EWAS1,AdaPT,cpg.loc,29
EWAS1,AdaPT,chr,0
EWAS1,AdaPT,dhs,28
EWAS1,AdaPT,probe.type,28
EWAS1,BL,sd.b,167
EWAS1,BL,sd.m,163
EWAS1,BL,mean,159
EWAS1,BL,mad,162
EWAS1,BL,dip,158
EWAS1,BL,precision,166
EWAS1,BL,icc.m,152
EWAS1,BL,icc.b,150
EWAS1,BL,direction,150
EWAS1,BL,refgene.pos,155
EWAS1,BL,cpg.loc,152
EWAS1,BL,chr,154
EWAS1,BL,dhs,153
EWAS1,BL,probe.type,155
EWAS2,IHW,sd.b,26
EWAS2,IHW,sd.m,7
EWAS2,IHW,mean,28
EWAS2,IHW,mad,51
EWAS2,IHW,dip,4
EWAS2,IHW,precision,31
EWAS2,IHW,direction,4
EWAS2,IHW,refgene.pos,4
EWAS2,IHW,cpg.loc,4
EWAS2,IHW,chr,1
EWAS2,IHW,dhs,4
EWAS2,IHW,probe.type,4
EWAS2,CAMT,sd.b,41
EWAS2,CAMT,sd.m,7
EWAS2,CAMT,mean,41
EWAS2,CAMT,mad,49
EWAS2,CAMT,dip,4
EWAS2,CAMT,precision,14
EWAS2,CAMT,direction,3
EWAS2,CAMT,refgene.pos,1
EWAS2,CAMT,cpg.loc,6
EWAS2,CAMT,chr,2
EWAS2,CAMT,dhs,4
EWAS2,CAMT,probe.type,4
EWAS2,FDRreg,sd.b,2
EWAS2,FDRreg,sd.m,2
EWAS2,FDRreg,mean,2
EWAS2,FDRreg,mad,2
EWAS2,FDRreg,dip,2
EWAS2,FDRreg,precision,2
EWAS2,FDRreg,direction,2
EWAS2,FDRreg,refgene.pos,2
EWAS2,FDRreg,cpg.loc,2
EWAS2,FDRreg,chr,2
EWAS2,FDRreg,dhs,2
EWAS2,FDRreg,probe.type,2
EWAS2,AdaPT,sd.b,0
EWAS2,AdaPT,sd.m,0
EWAS2,AdaPT,mean,63
EWAS2,AdaPT,mad,0
EWAS2,AdaPT,dip,0
EWAS2,AdaPT,precision,0
EWAS2,AdaPT,direction,0
EWAS2,AdaPT,refgene.pos,0
EWAS2,AdaPT,cpg.loc,0
EWAS2,AdaPT,chr,0
EWAS2,AdaPT,dhs,0
EWAS2,AdaPT,probe.type,0
EWAS2,BL,sd.b,4
EWAS2,BL,sd.m,4
EWAS2,BL,mean,4
EWAS2,BL,mad,4
EWAS2,BL,dip,4
EWAS2,BL,precision,4
EWAS2,BL,direction,4
EWAS2,BL,refgene.pos,4
EWAS2,BL,cpg.loc,4
EWAS2,BL,chr,4
EWAS2,BL,dhs,4
EWAS2,BL,probe.type,4
EWAS3,IHW,sd.b,0
EWAS3,IHW,sd.m,0
EWAS3,IHW,mean,0
EWAS3,IHW,mad,0
EWAS3,IHW,dip,0
EWAS3,IHW,precision,0
EWAS3,IHW,direction,0
EWAS3,IHW,refgene.pos,0
EWAS3,IHW,cpg.loc,0
EWAS3,IHW,chr,0
EWAS3,IHW,dhs,0
EWAS3,IHW,probe.type,0
EWAS3,CAMT,sd.b,3
EWAS3,CAMT,sd.m,3
EWAS3,CAMT,mean,0
EWAS3,CAMT,mad,6
EWAS3,CAMT,dip,0
EWAS3,CAMT,precision,0
EWAS3,CAMT,direction,0
EWAS3,CAMT,refgene.pos,0
EWAS3,CAMT,cpg.loc,0
EWAS3,CAMT,chr,0
EWAS3,CAMT,dhs,0
EWAS3,CAMT,probe.type,0
EWAS3,FDRreg,sd.b,0
EWAS3,FDRreg,sd.m,0
EWAS3,FDRreg,mean,0
EWAS3,FDRreg,mad,0
EWAS3,FDRreg,dip,0
EWAS3,FDRreg,precision,0
EWAS3,FDRreg,direction,0
EWAS3,FDRreg,refgene.pos,0
EWAS3,FDRreg,cpg.loc,0
EWAS3,FDRreg,chr,0
EWAS3,FDRreg,dhs,0
EWAS3,FDRreg,probe.type,0
EWAS3,AdaPT,sd.b,0
EWAS3,AdaPT,sd.m,0
EWAS3,AdaPT,mean,0
EWAS3,AdaPT,mad,0
EWAS3,AdaPT,dip,0
EWAS3,AdaPT,precision,0
EWAS3,AdaPT,direction,0
EWAS3,AdaPT,refgene.pos,0
EWAS3,AdaPT,cpg.loc,0
EWAS3,AdaPT,chr,0
EWAS3,AdaPT,dhs,0
EWAS3,AdaPT,probe.type,0
EWAS3,BL,sd.b,0
EWAS3,BL,sd.m,0
EWAS3,BL,mean,0
EWAS3,BL,mad,0
EWAS3,BL,dip,0
EWAS3,BL,precision,0
EWAS3,BL,direction,0
EWAS3,BL,refgene.pos,0
EWAS3,BL,cpg.loc,0
EWAS3,BL,chr,0
EWAS3,BL,dhs,0
EWAS3,BL,probe.type,0
EWAS4,IHW,sd.b,4219
EWAS4,IHW,sd.m,4189
EWAS4,IHW,mean,4068
EWAS4,IHW,mad,4097
EWAS4,IHW,dip,4410
EWAS4,IHW,precision,4263
EWAS4,IHW,direction,4039
EWAS4,IHW,refgene.pos,4117
EWAS4,IHW,cpg.loc,4038
EWAS4,IHW,chr,3997
EWAS4,IHW,dhs,4077
EWAS4,IHW,probe.type,4396
EWAS4,CAMT,sd.b,4763
EWAS4,CAMT,sd.m,4868
EWAS4,CAMT,mean,4944
EWAS4,CAMT,mad,4636
EWAS4,CAMT,dip,5133
EWAS4,CAMT,precision,5058
EWAS4,CAMT,direction,4664
EWAS4,CAMT,refgene.pos,4735
EWAS4,CAMT,cpg.loc,4759
EWAS4,CAMT,chr,4874
EWAS4,CAMT,dhs,4755
EWAS4,CAMT,probe.type,4909
EWAS4,FDRreg,sd.b,4619
EWAS4,FDRreg,sd.m,4619
EWAS4,FDRreg,mean,4599
EWAS4,FDRreg,mad,4602
EWAS4,FDRreg,dip,4678
EWAS4,FDRreg,precision,4627
EWAS4,FDRreg,direction,4597
EWAS4,FDRreg,refgene.pos,4602
EWAS4,FDRreg,cpg.loc,4602
EWAS4,FDRreg,chr,4595
EWAS4,FDRreg,dhs,4595
EWAS4,FDRreg,probe.type,4627
EWAS4,AdaPT,sd.b,4321
EWAS4,AdaPT,sd.m,4563
EWAS4,AdaPT,mean,4588
EWAS4,AdaPT,mad,4369
EWAS4,AdaPT,dip,4688
EWAS4,AdaPT,precision,4611
EWAS4,AdaPT,direction,4646
EWAS4,AdaPT,refgene.pos,4433
EWAS4,AdaPT,cpg.loc,4709
EWAS4,AdaPT,chr,4743
EWAS4,AdaPT,dhs,4762
EWAS4,AdaPT,probe.type,4714
EWAS4,BL,sd.b,5018
EWAS4,BL,sd.m,5010
EWAS4,BL,mean,4996
EWAS4,BL,mad,4983
EWAS4,BL,dip,5026
EWAS4,BL,precision,5049
EWAS4,BL,direction,4961
EWAS4,BL,refgene.pos,4973
EWAS4,BL,cpg.loc,4962
EWAS4,BL,chr,4948
EWAS4,BL,dhs,4960
EWAS4,BL,probe.type,5031
EWAS5,IHW,sd.b,4854
EWAS5,IHW,sd.m,4295
EWAS5,IHW,mean,4798
EWAS5,IHW,mad,4671
EWAS5,IHW,dip,4161
EWAS5,IHW,precision,4661
EWAS5,IHW,direction,4209
EWAS5,IHW,refgene.pos,4222
EWAS5,IHW,cpg.loc,4270
EWAS5,IHW,chr,4188
EWAS5,IHW,dhs,4151
EWAS5,IHW,probe.type,4372
EWAS5,CAMT,sd.b,8192
EWAS5,CAMT,sd.m,7850
EWAS5,CAMT,mean,8873
EWAS5,CAMT,mad,8475
EWAS5,CAMT,dip,7789
EWAS5,CAMT,precision,7622
EWAS5,CAMT,direction,7671
EWAS5,CAMT,refgene.pos,7727
EWAS5,CAMT,cpg.loc,7515
EWAS5,CAMT,chr,7902
EWAS5,CAMT,dhs,7750
EWAS5,CAMT,probe.type,8091
EWAS5,FDRreg,sd.b,5772
EWAS5,FDRreg,sd.m,5692
EWAS5,FDRreg,mean,5805
EWAS5,FDRreg,mad,5768
EWAS5,FDRreg,dip,5695
EWAS5,FDRreg,precision,5751
EWAS5,FDRreg,direction,5692
EWAS5,FDRreg,refgene.pos,5690
EWAS5,FDRreg,cpg.loc,5702
EWAS5,FDRreg,chr,5697
EWAS5,FDRreg,dhs,5685
EWAS5,FDRreg,probe.type,5710
EWAS5,AdaPT,sd.b,8305
EWAS5,AdaPT,sd.m,7641
EWAS5,AdaPT,mean,8671
EWAS5,AdaPT,mad,8430
EWAS5,AdaPT,dip,7767
EWAS5,AdaPT,precision,7903
EWAS5,AdaPT,direction,7824
EWAS5,AdaPT,refgene.pos,7493
EWAS5,AdaPT,cpg.loc,7341
EWAS5,AdaPT,chr,7905
EWAS5,AdaPT,dhs,7781
EWAS5,AdaPT,probe.type,7902
EWAS5,BL,sd.b,6520
EWAS5,BL,sd.m,6397
EWAS5,BL,mean,6557
EWAS5,BL,mad,6505
EWAS5,BL,dip,6428
EWAS5,BL,precision,6433
EWAS5,BL,direction,6416
EWAS5,BL,refgene.pos,6424
EWAS5,BL,cpg.loc,6419
EWAS5,BL,chr,6428
EWAS5,BL,dhs,6430
EWAS5,BL,probe.type,6465
EWAS6,IHW,sd.b,0
EWAS6,IHW,sd.m,0
EWAS6,IHW,mean,0
EWAS6,IHW,mad,0
EWAS6,IHW,dip,0
EWAS6,IHW,precision,0
EWAS6,IHW,direction,0
EWAS6,IHW,refgene.pos,0
EWAS6,IHW,cpg.loc,0
EWAS6,IHW,chr,0
EWAS6,IHW,dhs,0
EWAS6,IHW,probe.type,0
EWAS6,CAMT,sd.b,0
EWAS6,CAMT,sd.m,0
EWAS6,CAMT,mean,0
EWAS6,CAMT,mad,0
EWAS6,CAMT,dip,0
EWAS6,CAMT,precision,0
EWAS6,CAMT,direction,0
EWAS6,CAMT,refgene.pos,0
EWAS6,CAMT,cpg.loc,0
EWAS6,CAMT,chr,0
EWAS6,CAMT,dhs,0
EWAS6,CAMT,probe.type,0
EWAS6,FDRreg,sd.b,0
EWAS6,FDRreg,sd.m,0
EWAS6,FDRreg,mean,0
EWAS6,FDRreg,mad,0
EWAS6,FDRreg,dip,0
EWAS6,FDRreg,precision,0
EWAS6,FDRreg,direction,0
EWAS6,FDRreg,refgene.pos,0
EWAS6,FDRreg,cpg.loc,0
EWAS6,FDRreg,chr,0
EWAS6,FDRreg,dhs,0
EWAS6,FDRreg,probe.type,0
EWAS6,AdaPT,sd.b,0
EWAS6,AdaPT,sd.m,0
EWAS6,AdaPT,mean,0
EWAS6,AdaPT,mad,0
EWAS6,AdaPT,dip,0
EWAS6,AdaPT,precision,0
EWAS6,AdaPT,direction,0
EWAS6,AdaPT,refgene.pos,0
EWAS6,AdaPT,cpg.loc,0
EWAS6,AdaPT,chr,0
EWAS6,AdaPT,dhs,0
EWAS6,AdaPT,probe.type,0
EWAS6,BL,sd.b,0
EWAS6,BL,sd.m,0
EWAS6,BL,mean,0
EWAS6,BL,mad,0
EWAS6,BL,dip,0
EWAS6,BL,precision,0
EWAS6,BL,direction,0
EWAS6,BL,refgene.pos,0
EWAS6,BL,cpg.loc,0
EWAS6,BL,chr,0
EWAS6,BL,dhs,0
EWAS6,BL,probe.type,0
EWAS7,IHW,sd.b,23
EWAS7,IHW,sd.m,9
EWAS7,IHW,mean,8
EWAS7,IHW,mad,9
EWAS7,IHW,dip,9
EWAS7,IHW,precision,5
EWAS7,IHW,direction,7
EWAS7,IHW,refgene.pos,9
EWAS7,IHW,cpg.loc,9
EWAS7,IHW,chr,8
EWAS7,IHW,dhs,9
EWAS7,IHW,probe.type,9
EWAS7,CAMT,sd.b,9
EWAS7,CAMT,sd.m,8
EWAS7,CAMT,mean,23
EWAS7,CAMT,mad,15
EWAS7,CAMT,dip,14
EWAS7,CAMT,precision,6
EWAS7,CAMT,direction,9
EWAS7,CAMT,refgene.pos,8
EWAS7,CAMT,cpg.loc,6
EWAS7,CAMT,chr,14
EWAS7,CAMT,dhs,10
EWAS7,CAMT,probe.type,9
EWAS7,FDRreg,sd.b,11
EWAS7,FDRreg,sd.m,11
EWAS7,FDRreg,mean,11
EWAS7,FDRreg,mad,11
EWAS7,FDRreg,dip,11
EWAS7,FDRreg,precision,11
EWAS7,FDRreg,direction,11
EWAS7,FDRreg,refgene.pos,11
EWAS7,FDRreg,cpg.loc,11
EWAS7,FDRreg,chr,11
EWAS7,FDRreg,dhs,11
EWAS7,FDRreg,probe.type,11
EWAS7,AdaPT,sd.b,0
EWAS7,AdaPT,sd.m,0
EWAS7,AdaPT,mean,0
EWAS7,AdaPT,mad,0
EWAS7,AdaPT,dip,0
EWAS7,AdaPT,precision,0
EWAS7,AdaPT,direction,0
EWAS7,AdaPT,refgene.pos,0
EWAS7,AdaPT,cpg.loc,0
EWAS7,AdaPT,chr,0
EWAS7,AdaPT,dhs,0
EWAS7,AdaPT,probe.type,21
EWAS7,BL,sd.b,9
EWAS7,BL,sd.m,9
EWAS7,BL,mean,9
EWAS7,BL,mad,9
EWAS7,BL,dip,9
EWAS7,BL,precision,9
EWAS7,BL,direction,9
EWAS7,BL,refgene.pos,9
EWAS7,BL,cpg.loc,9
EWAS7,BL,chr,9
EWAS7,BL,dhs,9
EWAS7,BL,probe.type,9
EWAS8,IHW,sd.b,50
EWAS8,IHW,sd.m,48
EWAS8,IHW,mean,49
EWAS8,IHW,mad,48
EWAS8,IHW,dip,47
EWAS8,IHW,precision,49
EWAS8,IHW,direction,50
EWAS8,IHW,refgene.pos,47
EWAS8,IHW,cpg.loc,47
EWAS8,IHW,chr,50
EWAS8,IHW,dhs,47
EWAS8,IHW,probe.type,47
EWAS8,CAMT,sd.b,47
EWAS8,CAMT,sd.m,49
EWAS8,CAMT,mean,52
EWAS8,CAMT,mad,49
EWAS8,CAMT,dip,45
EWAS8,CAMT,precision,53
EWAS8,CAMT,direction,50
EWAS8,CAMT,refgene.pos,46
EWAS8,CAMT,cpg.loc,47
EWAS8,CAMT,chr,50
EWAS8,CAMT,dhs,49
EWAS8,CAMT,probe.type,48
EWAS8,FDRreg,sd.b,48
EWAS8,FDRreg,sd.m,48
EWAS8,FDRreg,mean,48
EWAS8,FDRreg,mad,48
EWAS8,FDRreg,dip,48
EWAS8,FDRreg,precision,48
EWAS8,FDRreg,direction,48
EWAS8,FDRreg,refgene.pos,48
EWAS8,FDRreg,cpg.loc,48
EWAS8,FDRreg,chr,48
EWAS8,FDRreg,dhs,48
EWAS8,FDRreg,probe.type,48
EWAS8,AdaPT,sd.b,44
EWAS8,AdaPT,sd.m,42
EWAS8,AdaPT,mean,23
EWAS8,AdaPT,mad,0
EWAS8,AdaPT,dip,0
EWAS8,AdaPT,precision,43
EWAS8,AdaPT,direction,54
EWAS8,AdaPT,refgene.pos,0
EWAS8,AdaPT,cpg.loc,0
EWAS8,AdaPT,chr,47
EWAS8,AdaPT,dhs,47
EWAS8,AdaPT,probe.type,27
EWAS8,BL,sd.b,47
EWAS8,BL,sd.m,47
EWAS8,BL,mean,47
EWAS8,BL,mad,47
EWAS8,BL,dip,47
EWAS8,BL,precision,47
EWAS8,BL,direction,47
EWAS8,BL,refgene.pos,47
EWAS8,BL,cpg.loc,47
EWAS8,BL,chr,47
EWAS8,BL,dhs,47
EWAS8,BL,probe.type,47
EWAS9,IHW,sd.b,7
EWAS9,IHW,sd.m,1
EWAS9,IHW,mean,0
EWAS9,IHW,mad,3
EWAS9,IHW,dip,0
EWAS9,IHW,precision,7
EWAS9,IHW,direction,1
EWAS9,IHW,refgene.pos,1
EWAS9,IHW,cpg.loc,1
EWAS9,IHW,chr,6
EWAS9,IHW,dhs,1
EWAS9,IHW,probe.type,1
EWAS9,CAMT,sd.b,9
EWAS9,CAMT,sd.m,8
EWAS9,CAMT,mean,4
EWAS9,CAMT,mad,12
EWAS9,CAMT,dip,1
EWAS9,CAMT,precision,6
EWAS9,CAMT,direction,1
EWAS9,CAMT,refgene.pos,1
EWAS9,CAMT,cpg.loc,1
EWAS9,CAMT,chr,5
EWAS9,CAMT,dhs,1
EWAS9,CAMT,probe.type,3
EWAS9,FDRreg,sd.b,1
EWAS9,FDRreg,sd.m,1
EWAS9,FDRreg,mean,1
EWAS9,FDRreg,mad,1
EWAS9,FDRreg,dip,1
EWAS9,FDRreg,precision,1
EWAS9,FDRreg,direction,1
EWAS9,FDRreg,refgene.pos,1
EWAS9,FDRreg,cpg.loc,1
EWAS9,FDRreg,chr,1
EWAS9,FDRreg,dhs,1
EWAS9,FDRreg,probe.type,1
EWAS9,AdaPT,sd.b,0
EWAS9,AdaPT,sd.m,0
EWAS9,AdaPT,mean,0
EWAS9,AdaPT,mad,0
EWAS9,AdaPT,dip,0
EWAS9,AdaPT,precision,0
EWAS9,AdaPT,direction,0
EWAS9,AdaPT,refgene.pos,0
EWAS9,AdaPT,cpg.loc,0
EWAS9,AdaPT,chr,0
EWAS9,AdaPT,dhs,0
EWAS9,AdaPT,probe.type,0
EWAS9,BL,sd.b,1
EWAS9,BL,sd.m,1
EWAS9,BL,mean,1
EWAS9,BL,mad,1
EWAS9,BL,dip,1
EWAS9,BL,precision,1
EWAS9,BL,direction,1
EWAS9,BL,refgene.pos,1
EWAS9,BL,cpg.loc,1
EWAS9,BL,chr,1
EWAS9,BL,dhs,1
EWAS9,BL,probe.type,1
EWAS10,IHW,sd.b,1
EWAS10,IHW,sd.m,1
EWAS10,IHW,mean,1
EWAS10,IHW,mad,1
EWAS10,IHW,dip,1
EWAS10,IHW,precision,1
EWAS10,IHW,direction,1
EWAS10,IHW,refgene.pos,1
EWAS10,IHW,cpg.loc,1
EWAS10,IHW,chr,1
EWAS10,IHW,dhs,1
EWAS10,IHW,probe.type,1
EWAS10,CAMT,sd.b,1
EWAS10,CAMT,sd.m,1
EWAS10,CAMT,mean,1
EWAS10,CAMT,mad,1
EWAS10,CAMT,dip,1
EWAS10,CAMT,precision,1
EWAS10,CAMT,direction,1
EWAS10,CAMT,refgene.pos,1
EWAS10,CAMT,cpg.loc,1
EWAS10,CAMT,chr,2
EWAS10,CAMT,dhs,1
EWAS10,CAMT,probe.type,1
EWAS10,FDRreg,sd.b,1
EWAS10,FDRreg,sd.m,1
EWAS10,FDRreg,mean,1
EWAS10,FDRreg,mad,1
EWAS10,FDRreg,dip,1
EWAS10,FDRreg,precision,1
EWAS10,FDRreg,direction,1
EWAS10,FDRreg,refgene.pos,1
EWAS10,FDRreg,cpg.loc,1
EWAS10,FDRreg,chr,1
EWAS10,FDRreg,dhs,1
EWAS10,FDRreg,probe.type,1
EWAS10,AdaPT,sd.b,0
EWAS10,AdaPT,sd.m,0
EWAS10,AdaPT,mean,0
EWAS10,AdaPT,mad,0
EWAS10,AdaPT,dip,0
EWAS10,AdaPT,precision,0
EWAS10,AdaPT,direction,0
EWAS10,AdaPT,refgene.pos,0
EWAS10,AdaPT,cpg.loc,0
EWAS10,AdaPT,chr,0
EWAS10,AdaPT,dhs,0
EWAS10,AdaPT,probe.type,0
EWAS10,BL,sd.b,1
EWAS10,BL,sd.m,1
EWAS10,BL,mean,1
EWAS10,BL,mad,1
EWAS10,BL,dip,1
EWAS10,BL,precision,1
EWAS10,BL,direction,1
EWAS10,BL,refgene.pos,1
EWAS10,BL,cpg.loc,1
EWAS10,BL,chr,1
EWAS10,BL,dhs,1
EWAS10,BL,probe.type,1
EWAS11,IHW,sd.b,1
EWAS11,IHW,sd.m,0
EWAS11,IHW,mean,0
EWAS11,IHW,mad,1
EWAS11,IHW,dip,1
EWAS11,IHW,precision,1
EWAS11,IHW,direction,1
EWAS11,IHW,refgene.pos,1
EWAS11,IHW,cpg.loc,1
EWAS11,IHW,chr,1
EWAS11,IHW,dhs,1
EWAS11,IHW,probe.type,1
EWAS11,CAMT,sd.b,0
EWAS11,CAMT,sd.m,0
EWAS11,CAMT,mean,1
EWAS11,CAMT,mad,0
EWAS11,CAMT,dip,1
EWAS11,CAMT,precision,0
EWAS11,CAMT,direction,1
EWAS11,CAMT,refgene.pos,1
EWAS11,CAMT,cpg.loc,1
EWAS11,CAMT,chr,1
EWAS11,CAMT,dhs,1
EWAS11,CAMT,probe.type,1
EWAS11,FDRreg,sd.b,0
EWAS11,FDRreg,sd.m,0
EWAS11,FDRreg,mean,0
EWAS11,FDRreg,mad,0
EWAS11,FDRreg,dip,0
EWAS11,FDRreg,precision,0
EWAS11,FDRreg,direction,0
EWAS11,FDRreg,refgene.pos,0
EWAS11,FDRreg,cpg.loc,0
EWAS11,FDRreg,chr,0
EWAS11,FDRreg,dhs,0
EWAS11,FDRreg,probe.type,0
EWAS11,AdaPT,sd.b,0
EWAS11,AdaPT,sd.m,0
EWAS11,AdaPT,mean,0
EWAS11,AdaPT,mad,0
EWAS11,AdaPT,dip,0
EWAS11,AdaPT,precision,0
EWAS11,AdaPT,direction,0
EWAS11,AdaPT,refgene.pos,0
EWAS11,AdaPT,cpg.loc,0
EWAS11,AdaPT,chr,0
EWAS11,AdaPT,dhs,0
EWAS11,AdaPT,probe.type,0
EWAS11,BL,sd.b,1
EWAS11,BL,sd.m,1
EWAS11,BL,mean,1
EWAS11,BL,mad,1
EWAS11,BL,dip,1
EWAS11,BL,precision,1
EWAS11,BL,direction,1
EWAS11,BL,refgene.pos,1
EWAS11,BL,cpg.loc,1
EWAS11,BL,chr,1
EWAS11,BL,dhs,1
EWAS11,BL,probe.type,1
EWAS12,IHW,sd.b,27
EWAS12,IHW,sd.m,21
EWAS12,IHW,mean,29
EWAS12,IHW,mad,27
EWAS12,IHW,dip,21
EWAS12,IHW,precision,21
EWAS12,IHW,direction,24
EWAS12,IHW,refgene.pos,21
EWAS12,IHW,cpg.loc,21
EWAS12,IHW,chr,21
EWAS12,IHW,dhs,20
EWAS12,IHW,probe.type,21
EWAS12,CAMT,sd.b,27
EWAS12,CAMT,sd.m,14
EWAS12,CAMT,mean,36
EWAS12,CAMT,mad,29
EWAS12,CAMT,dip,21
EWAS12,CAMT,precision,22
EWAS12,CAMT,direction,12
EWAS12,CAMT,refgene.pos,22
EWAS12,CAMT,cpg.loc,14
EWAS12,CAMT,chr,24
EWAS12,CAMT,dhs,21
EWAS12,CAMT,probe.type,21
EWAS12,FDRreg,sd.b,19
EWAS12,FDRreg,sd.m,19
EWAS12,FDRreg,mean,19
EWAS12,FDRreg,mad,19
EWAS12,FDRreg,dip,19
EWAS12,FDRreg,precision,19
EWAS12,FDRreg,direction,19
EWAS12,FDRreg,refgene.pos,19
EWAS12,FDRreg,cpg.loc,19
EWAS12,FDRreg,chr,19
EWAS12,FDRreg,dhs,19
EWAS12,FDRreg,probe.type,19
EWAS12,AdaPT,sd.b,24
EWAS12,AdaPT,sd.m,0
EWAS12,AdaPT,mean,0
EWAS12,AdaPT,mad,25
EWAS12,AdaPT,dip,0
EWAS12,AdaPT,precision,29
EWAS12,AdaPT,direction,0
EWAS12,AdaPT,refgene.pos,0
EWAS12,AdaPT,cpg.loc,28
EWAS12,AdaPT,chr,0
EWAS12,AdaPT,dhs,0
EWAS12,AdaPT,probe.type,0
EWAS12,BL,sd.b,21
EWAS12,BL,sd.m,21
EWAS12,BL,mean,21
EWAS12,BL,mad,21
EWAS12,BL,dip,21
EWAS12,BL,precision,21
EWAS12,BL,direction,22
EWAS12,BL,refgene.pos,21
EWAS12,BL,cpg.loc,22
EWAS12,BL,chr,21
EWAS12,BL,dhs,21
EWAS12,BL,probe.type,22
EWAS13,IHW,sd.b,2
EWAS13,IHW,sd.m,2
EWAS13,IHW,mean,2
EWAS13,IHW,mad,2
EWAS13,IHW,dip,2
EWAS13,IHW,precision,2
EWAS13,IHW,direction,2
EWAS13,IHW,refgene.pos,0
EWAS13,IHW,cpg.loc,4
EWAS13,IHW,chr,3
EWAS13,IHW,dhs,2
EWAS13,IHW,probe.type,2
EWAS13,CAMT,sd.b,11
EWAS13,CAMT,sd.m,7
EWAS13,CAMT,mean,1
EWAS13,CAMT,mad,0
EWAS13,CAMT,dip,2
EWAS13,CAMT,precision,9
EWAS13,CAMT,direction,0
EWAS13,CAMT,refgene.pos,2
EWAS13,CAMT,cpg.loc,2
EWAS13,CAMT,chr,5
EWAS13,CAMT,dhs,2
EWAS13,CAMT,probe.type,2
EWAS13,FDRreg,sd.b,0
EWAS13,FDRreg,sd.m,0
EWAS13,FDRreg,mean,0
EWAS13,FDRreg,mad,0
EWAS13,FDRreg,dip,0
EWAS13,FDRreg,precision,0
EWAS13,FDRreg,direction,0
EWAS13,FDRreg,refgene.pos,0
EWAS13,FDRreg,cpg.loc,0
EWAS13,FDRreg,chr,0
EWAS13,FDRreg,dhs,0
EWAS13,FDRreg,probe.type,0
EWAS13,AdaPT,sd.b,0
EWAS13,AdaPT,sd.m,0
EWAS13,AdaPT,mean,0
EWAS13,AdaPT,mad,0
EWAS13,AdaPT,dip,0
EWAS13,AdaPT,precision,0
EWAS13,AdaPT,direction,0
EWAS13,AdaPT,refgene.pos,0
EWAS13,AdaPT,cpg.loc,0
EWAS13,AdaPT,chr,0
EWAS13,AdaPT,dhs,0
EWAS13,AdaPT,probe.type,0
EWAS13,BL,sd.b,2
EWAS13,BL,sd.m,2
EWAS13,BL,mean,2
EWAS13,BL,mad,2
EWAS13,BL,dip,2
EWAS13,BL,precision,2
EWAS13,BL,direction,2
EWAS13,BL,refgene.pos,2
EWAS13,BL,cpg.loc,2
EWAS13,BL,chr,2
EWAS13,BL,dhs,2
EWAS13,BL,probe.type,2
EWAS14,IHW,sd.b,73426
EWAS14,IHW,sd.m,72684
EWAS14,IHW,mean,74432
EWAS14,IHW,mad,73234
EWAS14,IHW,dip,71665
EWAS14,IHW,precision,71807
EWAS14,IHW,direction,71279
EWAS14,IHW,refgene.pos,71476
EWAS14,IHW,cpg.loc,71340
EWAS14,IHW,chr,71189
EWAS14,IHW,dhs,71226
EWAS14,IHW,probe.type,71394
EWAS14,CAMT,sd.b,85937
EWAS14,CAMT,sd.m,84051
EWAS14,CAMT,mean,88972
EWAS14,CAMT,mad,85901
EWAS14,CAMT,dip,81423
EWAS14,CAMT,precision,81607
EWAS14,CAMT,direction,80687
EWAS14,CAMT,refgene.pos,80888
EWAS14,CAMT,cpg.loc,80984
EWAS14,CAMT,chr,80641
EWAS14,CAMT,dhs,80782
EWAS14,CAMT,probe.type,81021
EWAS14,FDRreg,sd.b,80603
EWAS14,FDRreg,sd.m,79029
EWAS14,FDRreg,mean,82367
EWAS14,FDRreg,mad,80757
EWAS14,FDRreg,dip,78235
EWAS14,FDRreg,precision,78841
EWAS14,FDRreg,direction,77935
EWAS14,FDRreg,refgene.pos,78074
EWAS14,FDRreg,cpg.loc,78188
EWAS14,FDRreg,chr,77959
EWAS14,FDRreg,dhs,78019
EWAS14,FDRreg,probe.type,78151
EWAS14,AdaPT,sd.b,85870
EWAS14,AdaPT,sd.m,84007
EWAS14,AdaPT,mean,88791
EWAS14,AdaPT,mad,86084
EWAS14,AdaPT,dip,81682
EWAS14,AdaPT,precision,81740
EWAS14,AdaPT,direction,80667
EWAS14,AdaPT,refgene.pos,81001
EWAS14,AdaPT,cpg.loc,80824
EWAS14,AdaPT,chr,80572
EWAS14,AdaPT,dhs,80782
EWAS14,AdaPT,probe.type,81008
EWAS14,BL,sd.b,83193
EWAS14,BL,sd.m,81708
EWAS14,BL,mean,85075
EWAS14,BL,mad,83300
EWAS14,BL,dip,80622
EWAS14,BL,precision,81005
EWAS14,BL,direction,80220
EWAS14,BL,refgene.pos,80424
EWAS14,BL,cpg.loc,80546
EWAS14,BL,chr,80200
EWAS14,BL,dhs,80318
EWAS14,BL,probe.type,80509
EWAS15,IHW,sd.b,1
EWAS15,IHW,sd.m,1
EWAS15,IHW,mean,2
EWAS15,IHW,mad,1
EWAS15,IHW,dip,1
EWAS15,IHW,precision,1
EWAS15,IHW,direction,1
EWAS15,IHW,refgene.pos,1
EWAS15,IHW,cpg.loc,1
EWAS15,IHW,chr,1
EWAS15,IHW,dhs,1
EWAS15,IHW,probe.type,1
EWAS15,CAMT,sd.b,1
EWAS15,CAMT,sd.m,1
EWAS15,CAMT,mean,2
EWAS15,CAMT,mad,1
EWAS15,CAMT,dip,1
EWAS15,CAMT,precision,1
EWAS15,CAMT,direction,3
EWAS15,CAMT,refgene.pos,0
EWAS15,CAMT,cpg.loc,3
EWAS15,CAMT,chr,2
EWAS15,CAMT,dhs,1
EWAS15,CAMT,probe.type,1
EWAS15,FDRreg,sd.b,0
EWAS15,FDRreg,sd.m,0
EWAS15,FDRreg,mean,0
EWAS15,FDRreg,mad,0
EWAS15,FDRreg,dip,0
EWAS15,FDRreg,precision,0
EWAS15,FDRreg,direction,0
EWAS15,FDRreg,refgene.pos,0
EWAS15,FDRreg,cpg.loc,0
EWAS15,FDRreg,chr,0
EWAS15,FDRreg,dhs,0
EWAS15,FDRreg,probe.type,0
EWAS15,AdaPT,sd.b,0
EWAS15,AdaPT,sd.m,0
EWAS15,AdaPT,mean,0
EWAS15,AdaPT,mad,0
EWAS15,AdaPT,dip,0
EWAS15,AdaPT,precision,0
EWAS15,AdaPT,direction,0
EWAS15,AdaPT,refgene.pos,0
EWAS15,AdaPT,cpg.loc,0
EWAS15,AdaPT,chr,0
EWAS15,AdaPT,dhs,0
EWAS15,AdaPT,probe.type,0
EWAS15,BL,sd.b,1
EWAS15,BL,sd.m,1
EWAS15,BL,mean,1
EWAS15,BL,mad,1
EWAS15,BL,dip,1
EWAS15,BL,precision,3
EWAS15,BL,direction,1
EWAS15,BL,refgene.pos,1
EWAS15,BL,cpg.loc,1
EWAS15,BL,chr,1
EWAS15,BL,dhs,1
EWAS15,BL,probe.type,1
EWAS16,IHW,sd.b,48
EWAS16,IHW,sd.m,24
EWAS16,IHW,mean,56
EWAS16,IHW,mad,52
EWAS16,IHW,dip,23
EWAS16,IHW,precision,40
EWAS16,IHW,direction,38
EWAS16,IHW,refgene.pos,24
EWAS16,IHW,cpg.loc,37
EWAS16,IHW,chr,36
EWAS16,IHW,dhs,39
EWAS16,IHW,probe.type,25
EWAS16,CAMT,sd.b,61
EWAS16,CAMT,sd.m,21
EWAS16,CAMT,mean,69
EWAS16,CAMT,mad,60
EWAS16,CAMT,dip,15
EWAS16,CAMT,precision,51
EWAS16,CAMT,direction,12
EWAS16,CAMT,refgene.pos,8
EWAS16,CAMT,cpg.loc,13
EWAS16,CAMT,chr,15
EWAS16,CAMT,dhs,10
EWAS16,CAMT,probe.type,9
EWAS16,FDRreg,sd.b,27
EWAS16,FDRreg,sd.m,27
EWAS16,FDRreg,mean,27
EWAS16,FDRreg,mad,27
EWAS16,FDRreg,dip,26
EWAS16,FDRreg,precision,27
EWAS16,FDRreg,direction,26
EWAS16,FDRreg,refgene.pos,26
EWAS16,FDRreg,cpg.loc,26
EWAS16,FDRreg,chr,26
EWAS16,FDRreg,dhs,26
EWAS16,FDRreg,probe.type,26
EWAS16,AdaPT,sd.b,0
EWAS16,AdaPT,sd.m,0
EWAS16,AdaPT,mean,27
EWAS16,AdaPT,mad,0
EWAS16,AdaPT,dip,0
EWAS16,AdaPT,precision,0
EWAS16,AdaPT,direction,0
EWAS16,AdaPT,refgene.pos,0
EWAS16,AdaPT,cpg.loc,41
EWAS16,AdaPT,chr,0
EWAS16,AdaPT,dhs,0
EWAS16,AdaPT,probe.type,0
EWAS16,BL,sd.b,40
EWAS16,BL,sd.m,40
EWAS16,BL,mean,41
EWAS16,BL,mad,40
EWAS16,BL,dip,40
EWAS16,BL,precision,40
EWAS16,BL,direction,40
EWAS16,BL,refgene.pos,40
EWAS16,BL,cpg.loc,40
EWAS16,BL,chr,41
EWAS16,BL,dhs,40
EWAS16,BL,probe.type,40
EWAS17,IHW,sd.b,4016
EWAS17,IHW,sd.m,3815
EWAS17,IHW,mean,4905
EWAS17,IHW,mad,3910
EWAS17,IHW,dip,3812
EWAS17,IHW,precision,3952
EWAS17,IHW,direction,4381
EWAS17,IHW,refgene.pos,4054
EWAS17,IHW,cpg.loc,4095
EWAS17,IHW,chr,3824
EWAS17,IHW,dhs,3848
EWAS17,IHW,probe.type,3836
EWAS17,CAMT,sd.b,4331
EWAS17,CAMT,sd.m,4058
EWAS17,CAMT,mean,5729
EWAS17,CAMT,mad,4268
EWAS17,CAMT,dip,4113
EWAS17,CAMT,precision,4157
EWAS17,CAMT,direction,4897
EWAS17,CAMT,refgene.pos,4591
EWAS17,CAMT,cpg.loc,4561
EWAS17,CAMT,chr,4088
EWAS17,CAMT,dhs,4107
EWAS17,CAMT,probe.type,4089
EWAS17,FDRreg,sd.b,4132
EWAS17,FDRreg,sd.m,4128
EWAS17,FDRreg,mean,4228
EWAS17,FDRreg,mad,4131
EWAS17,FDRreg,dip,4120
EWAS17,FDRreg,precision,4131
EWAS17,FDRreg,direction,4168
EWAS17,FDRreg,refgene.pos,4138
EWAS17,FDRreg,cpg.loc,4144
EWAS17,FDRreg,chr,4120
EWAS17,FDRreg,dhs,4120
EWAS17,FDRreg,probe.type,4119
EWAS17,AdaPT,sd.b,3968
EWAS17,AdaPT,sd.m,3911
EWAS17,AdaPT,mean,5457
EWAS17,AdaPT,mad,4116
EWAS17,AdaPT,dip,4087
EWAS17,AdaPT,precision,3892
EWAS17,AdaPT,direction,4802
EWAS17,AdaPT,refgene.pos,4293
EWAS17,AdaPT,cpg.loc,4383
EWAS17,AdaPT,chr,3965
EWAS17,AdaPT,dhs,4084
EWAS17,AdaPT,probe.type,4051
EWAS17,BL,sd.b,4376
EWAS17,BL,sd.m,4367
EWAS17,BL,mean,4493
EWAS17,BL,mad,4366
EWAS17,BL,dip,4358
EWAS17,BL,precision,4370
EWAS17,BL,direction,4420
EWAS17,BL,refgene.pos,4389
EWAS17,BL,cpg.loc,4389
EWAS17,BL,chr,4357
EWAS17,BL,dhs,4359
EWAS17,BL,probe.type,4364
EWAS18,IHW,sd.b,478
EWAS18,IHW,sd.m,327
EWAS18,IHW,mean,548
EWAS18,IHW,mad,272
EWAS18,IHW,dip,312
EWAS18,IHW,precision,533
EWAS18,IHW,direction,330
EWAS18,IHW,refgene.pos,230
EWAS18,IHW,cpg.loc,275
EWAS18,IHW,chr,227
EWAS18,IHW,dhs,229
EWAS18,IHW,probe.type,220
EWAS18,CAMT,sd.b,546
EWAS18,CAMT,sd.m,443
EWAS18,CAMT,mean,685
EWAS18,CAMT,mad,397
EWAS18,CAMT,dip,384
EWAS18,CAMT,precision,618
EWAS18,CAMT,direction,369
EWAS18,CAMT,refgene.pos,266
EWAS18,CAMT,cpg.loc,319
EWAS18,CAMT,chr,219
EWAS18,CAMT,dhs,232
EWAS18,CAMT,probe.type,231
EWAS18,FDRreg,sd.b,230
EWAS18,FDRreg,sd.m,229
EWAS18,FDRreg,mean,230
EWAS18,FDRreg,mad,235
EWAS18,FDRreg,dip,231
EWAS18,FDRreg,precision,229
EWAS18,FDRreg,direction,228
EWAS18,FDRreg,refgene.pos,228
EWAS18,FDRreg,cpg.loc,228
EWAS18,FDRreg,chr,228
EWAS18,FDRreg,dhs,228
EWAS18,FDRreg,probe.type,228
EWAS18,AdaPT,sd.b,0
EWAS18,AdaPT,sd.m,184
EWAS18,AdaPT,mean,144
EWAS18,AdaPT,mad,124
EWAS18,AdaPT,dip,186
EWAS18,AdaPT,precision,350
EWAS18,AdaPT,direction,404
EWAS18,AdaPT,refgene.pos,24
EWAS18,AdaPT,cpg.loc,202
EWAS18,AdaPT,chr,67
EWAS18,AdaPT,dhs,247
EWAS18,AdaPT,probe.type,169
EWAS18,BL,sd.b,236
EWAS18,BL,sd.m,236
EWAS18,BL,mean,231
EWAS18,BL,mad,238
EWAS18,BL,dip,243
EWAS18,BL,precision,233
EWAS18,BL,direction,227
EWAS18,BL,refgene.pos,227
EWAS18,BL,cpg.loc,230
EWAS18,BL,chr,227
EWAS18,BL,dhs,227
EWAS18,BL,probe.type,228
EWAS19,IHW,sd.b,2138
EWAS19,IHW,sd.m,2193
EWAS19,IHW,mean,2368
EWAS19,IHW,mad,1853
EWAS19,IHW,dip,1811
EWAS19,IHW,precision,2064
EWAS19,IHW,direction,2203
EWAS19,IHW,refgene.pos,2027
EWAS19,IHW,cpg.loc,2530
EWAS19,IHW,chr,1729
EWAS19,IHW,dhs,1779
EWAS19,IHW,probe.type,2092
EWAS19,CAMT,sd.b,2167
EWAS19,CAMT,sd.m,2442
EWAS19,CAMT,mean,2423
EWAS19,CAMT,mad,1874
EWAS19,CAMT,dip,1889
EWAS19,CAMT,precision,2173
EWAS19,CAMT,direction,2347
EWAS19,CAMT,refgene.pos,2167
EWAS19,CAMT,cpg.loc,2832
EWAS19,CAMT,chr,1781
EWAS19,CAMT,dhs,1763
EWAS19,CAMT,probe.type,2136
EWAS19,FDRreg,sd.b,1818
EWAS19,FDRreg,sd.m,1819
EWAS19,FDRreg,mean,1820
EWAS19,FDRreg,mad,1809
EWAS19,FDRreg,dip,1811
EWAS19,FDRreg,precision,1816
EWAS19,FDRreg,direction,1817
EWAS19,FDRreg,refgene.pos,1814
EWAS19,FDRreg,cpg.loc,1828
EWAS19,FDRreg,chr,1807
EWAS19,FDRreg,dhs,1808
EWAS19,FDRreg,probe.type,1816
EWAS19,AdaPT,sd.b,853
EWAS19,AdaPT,sd.m,1162
EWAS19,AdaPT,mean,1677
EWAS19,AdaPT,mad,346
EWAS19,AdaPT,dip,540
EWAS19,AdaPT,precision,948
EWAS19,AdaPT,direction,2296
EWAS19,AdaPT,refgene.pos,1004
EWAS19,AdaPT,cpg.loc,2774
EWAS19,AdaPT,chr,431
EWAS19,AdaPT,dhs,610
EWAS19,AdaPT,probe.type,1829
EWAS19,BL,sd.b,1810
EWAS19,BL,sd.m,1810
EWAS19,BL,mean,1801
EWAS19,BL,mad,1783
EWAS19,BL,dip,1776
EWAS19,BL,precision,1809
EWAS19,BL,direction,1798
EWAS19,BL,refgene.pos,1791
EWAS19,BL,cpg.loc,1848
EWAS19,BL,chr,1772
EWAS19,BL,dhs,1770
EWAS19,BL,probe.type,1817
EWAS20,IHW,sd.b,90
EWAS20,IHW,sd.m,79
EWAS20,IHW,mean,93
EWAS20,IHW,mad,94
EWAS20,IHW,dip,77
EWAS20,IHW,precision,81
EWAS20,IHW,refgene.pos,81
EWAS20,IHW,cpg.loc,79
EWAS20,IHW,chr,81
EWAS20,IHW,dhs,81
EWAS20,IHW,probe.type,78
EWAS20,CAMT,sd.b,86
EWAS20,CAMT,sd.m,80
EWAS20,CAMT,mean,104
EWAS20,CAMT,mad,80
EWAS20,CAMT,dip,80
EWAS20,CAMT,precision,90
EWAS20,CAMT,refgene.pos,80
EWAS20,CAMT,cpg.loc,76
EWAS20,CAMT,chr,83
EWAS20,CAMT,dhs,79
EWAS20,CAMT,probe.type,80
EWAS20,FDRreg,sd.b,83
EWAS20,FDRreg,sd.m,83
EWAS20,FDRreg,mean,83
EWAS20,FDRreg,mad,83
EWAS20,FDRreg,dip,83
EWAS20,FDRreg,precision,83
EWAS20,FDRreg,refgene.pos,83
EWAS20,FDRreg,cpg.loc,83
EWAS20,FDRreg,chr,83
EWAS20,FDRreg,dhs,83
EWAS20,FDRreg,probe.type,83
EWAS20,AdaPT,sd.b,28
EWAS20,AdaPT,sd.m,0
EWAS20,AdaPT,mean,43
EWAS20,AdaPT,mad,26
EWAS20,AdaPT,dip,0
EWAS20,AdaPT,precision,74
EWAS20,AdaPT,refgene.pos,21
EWAS20,AdaPT,cpg.loc,0
EWAS20,AdaPT,chr,0
EWAS20,AdaPT,dhs,23
EWAS20,AdaPT,probe.type,68
EWAS20,BL,sd.b,81
EWAS20,BL,sd.m,81
EWAS20,BL,mean,81
EWAS20,BL,mad,81
EWAS20,BL,dip,81
EWAS20,BL,precision,81
EWAS20,BL,refgene.pos,81
EWAS20,BL,cpg.loc,81
EWAS20,BL,chr,81
EWAS20,BL,dhs,81
EWAS20,BL,probe.type,81
EWAS21,IHW,sd.b,0
EWAS21,IHW,sd.m,0
EWAS21,IHW,mean,0
EWAS21,IHW,mad,0
EWAS21,IHW,dip,0
EWAS21,IHW,precision,0
EWAS21,IHW,direction,0
EWAS21,IHW,refgene.pos,0
EWAS21,IHW,cpg.loc,0
EWAS21,IHW,chr,0
EWAS21,IHW,dhs,0
EWAS21,IHW,probe.type,0
EWAS21,CAMT,sd.b,0
EWAS21,CAMT,sd.m,0
EWAS21,CAMT,mean,0
EWAS21,CAMT,mad,0
EWAS21,CAMT,dip,0
EWAS21,CAMT,precision,0
EWAS21,CAMT,direction,0
EWAS21,CAMT,refgene.pos,0
EWAS21,CAMT,cpg.loc,0
EWAS21,CAMT,chr,0
EWAS21,CAMT,dhs,0
EWAS21,CAMT,probe.type,2
EWAS21,FDRreg,sd.b,0
EWAS21,FDRreg,sd.m,0
EWAS21,FDRreg,mean,0
EWAS21,FDRreg,mad,0
EWAS21,FDRreg,dip,0
EWAS21,FDRreg,precision,0
EWAS21,FDRreg,direction,0
EWAS21,FDRreg,refgene.pos,0
EWAS21,FDRreg,cpg.loc,0
EWAS21,FDRreg,chr,0
EWAS21,FDRreg,dhs,0
EWAS21,FDRreg,probe.type,0
EWAS21,AdaPT,sd.b,0
EWAS21,AdaPT,sd.m,0
EWAS21,AdaPT,mean,0
EWAS21,AdaPT,mad,0
EWAS21,AdaPT,dip,0
EWAS21,AdaPT,precision,0
EWAS21,AdaPT,direction,0
EWAS21,AdaPT,refgene.pos,0
EWAS21,AdaPT,cpg.loc,0
EWAS21,AdaPT,chr,0
EWAS21,AdaPT,dhs,0
EWAS21,AdaPT,probe.type,0
EWAS21,BL,sd.b,0
EWAS21,BL,sd.m,0
EWAS21,BL,mean,0
EWAS21,BL,mad,0
EWAS21,BL,dip,0
EWAS21,BL,precision,5
EWAS21,BL,direction,0
EWAS21,BL,refgene.pos,0
EWAS21,BL,cpg.loc,0
EWAS21,BL,chr,0
EWAS21,BL,dhs,0
EWAS21,BL,probe.type,0
EWAS22,IHW,sd.b,110
EWAS22,IHW,sd.m,68
EWAS22,IHW,mean,132
EWAS22,IHW,mad,96
EWAS22,IHW,dip,62
EWAS22,IHW,precision,99
EWAS22,IHW,direction,88
EWAS22,IHW,refgene.pos,68
EWAS22,IHW,cpg.loc,69
EWAS22,IHW,chr,52
EWAS22,IHW,dhs,72
EWAS22,IHW,probe.type,68
EWAS22,CAMT,sd.b,172
EWAS22,CAMT,sd.m,67
EWAS22,CAMT,mean,164
EWAS22,CAMT,mad,165
EWAS22,CAMT,dip,76
EWAS22,CAMT,precision,174
EWAS22,CAMT,direction,78
EWAS22,CAMT,refgene.pos,83
EWAS22,CAMT,cpg.loc,57
EWAS22,CAMT,chr,62
EWAS22,CAMT,dhs,76
EWAS22,CAMT,probe.type,79
EWAS22,FDRreg,sd.b,73
EWAS22,FDRreg,sd.m,72
EWAS22,FDRreg,mean,73
EWAS22,FDRreg,mad,73
EWAS22,FDRreg,dip,72
EWAS22,FDRreg,precision,74
EWAS22,FDRreg,direction,73
EWAS22,FDRreg,refgene.pos,72
EWAS22,FDRreg,cpg.loc,72
EWAS22,FDRreg,chr,72
EWAS22,FDRreg,dhs,72
EWAS22,FDRreg,probe.type,72
EWAS22,AdaPT,sd.b,155
EWAS22,AdaPT,sd.m,0
EWAS22,AdaPT,mean,63
EWAS22,AdaPT,mad,162
EWAS22,AdaPT,dip,84
EWAS22,AdaPT,precision,0
EWAS22,AdaPT,direction,0
EWAS22,AdaPT,refgene.pos,0
EWAS22,AdaPT,cpg.loc,0
EWAS22,AdaPT,chr,0
EWAS22,AdaPT,dhs,72
EWAS22,AdaPT,probe.type,0
EWAS22,BL,sd.b,76
EWAS22,BL,sd.m,75
EWAS22,BL,mean,76
EWAS22,BL,mad,76
EWAS22,BL,dip,75
EWAS22,BL,precision,76
EWAS22,BL,direction,75
EWAS22,BL,refgene.pos,75
EWAS22,BL,cpg.loc,75
EWAS22,BL,chr,75
EWAS22,BL,dhs,75
EWAS22,BL,probe.type,75
EWAS23,IHW,sd.b,10
EWAS23,IHW,sd.m,12
EWAS23,IHW,mean,10
EWAS23,IHW,mad,18
EWAS23,IHW,dip,18
EWAS23,IHW,precision,15
EWAS23,IHW,direction,15
EWAS23,IHW,refgene.pos,15
EWAS23,IHW,cpg.loc,18
EWAS23,IHW,chr,16
EWAS23,IHW,dhs,15
EWAS23,IHW,probe.type,16
EWAS23,CAMT,sd.b,4
EWAS23,CAMT,sd.m,8
EWAS23,CAMT,mean,25
EWAS23,CAMT,mad,12
EWAS23,CAMT,dip,19
EWAS23,CAMT,precision,4
EWAS23,CAMT,direction,9
EWAS23,CAMT,refgene.pos,20
EWAS23,CAMT,cpg.loc,12
EWAS23,CAMT,chr,23
EWAS23,CAMT,dhs,19
EWAS23,CAMT,probe.type,19
EWAS23,FDRreg,sd.b,4
EWAS23,FDRreg,sd.m,4
EWAS23,FDRreg,mean,4
EWAS23,FDRreg,mad,4
EWAS23,FDRreg,dip,4
EWAS23,FDRreg,precision,4
EWAS23,FDRreg,direction,4
EWAS23,FDRreg,refgene.pos,4
EWAS23,FDRreg,cpg.loc,4
EWAS23,FDRreg,chr,4
EWAS23,FDRreg,dhs,4
EWAS23,FDRreg,probe.type,4
EWAS23,AdaPT,sd.b,0
EWAS23,AdaPT,sd.m,0
EWAS23,AdaPT,mean,0
EWAS23,AdaPT,mad,0
EWAS23,AdaPT,dip,0
EWAS23,AdaPT,precision,0
EWAS23,AdaPT,direction,0
EWAS23,AdaPT,refgene.pos,0
EWAS23,AdaPT,cpg.loc,0
EWAS23,AdaPT,chr,0
EWAS23,AdaPT,dhs,22
EWAS23,AdaPT,probe.type,41
EWAS23,BL,sd.b,19
EWAS23,BL,sd.m,19
EWAS23,BL,mean,19
EWAS23,BL,mad,19
EWAS23,BL,dip,19
EWAS23,BL,precision,19
EWAS23,BL,direction,19
EWAS23,BL,refgene.pos,19
EWAS23,BL,cpg.loc,19
EWAS23,BL,chr,19
EWAS23,BL,dhs,19
EWAS23,BL,probe.type,19
EWAS24,IHW,sd.b,23779
EWAS24,IHW,sd.m,21643
EWAS24,IHW,mean,24385
EWAS24,IHW,mad,24220
EWAS24,IHW,dip,20417
EWAS24,IHW,precision,22903
EWAS24,IHW,direction,19508
EWAS24,IHW,refgene.pos,20188
EWAS24,IHW,cpg.loc,20567
EWAS24,IHW,chr,19622
EWAS24,IHW,dhs,19520
EWAS24,IHW,probe.type,19837
EWAS24,CAMT,sd.b,32202
EWAS24,CAMT,sd.m,26281
EWAS24,CAMT,mean,33149
EWAS24,CAMT,mad,33508
EWAS24,CAMT,dip,24478
EWAS24,CAMT,precision,29882
EWAS24,CAMT,direction,21974
EWAS24,CAMT,refgene.pos,24111
EWAS24,CAMT,cpg.loc,24421
EWAS24,CAMT,chr,22724
EWAS24,CAMT,dhs,22749
EWAS24,CAMT,probe.type,23629
EWAS24,FDRreg,sd.b,23664
EWAS24,FDRreg,sd.m,22663
EWAS24,FDRreg,mean,23764
EWAS24,FDRreg,mad,23646
EWAS24,FDRreg,dip,22331
EWAS24,FDRreg,precision,23335
EWAS24,FDRreg,direction,22087
EWAS24,FDRreg,refgene.pos,22320
EWAS24,FDRreg,cpg.loc,22445
EWAS24,FDRreg,chr,22116
EWAS24,FDRreg,dhs,22092
EWAS24,FDRreg,probe.type,22184
EWAS24,AdaPT,sd.b,32127
EWAS24,AdaPT,sd.m,26217
EWAS24,AdaPT,mean,33450
EWAS24,AdaPT,mad,33171
EWAS24,AdaPT,dip,24197
EWAS24,AdaPT,precision,29887
EWAS24,AdaPT,direction,22099
EWAS24,AdaPT,refgene.pos,23304
EWAS24,AdaPT,cpg.loc,22970
EWAS24,AdaPT,chr,22564
EWAS24,AdaPT,dhs,22723
EWAS24,AdaPT,probe.type,22805
EWAS24,BL,sd.b,26654
EWAS24,BL,sd.m,24379
EWAS24,BL,mean,27028
EWAS24,BL,mad,26655
EWAS24,BL,dip,23831
EWAS24,BL,precision,25757
EWAS24,BL,direction,22668
EWAS24,BL,refgene.pos,23366
EWAS24,BL,cpg.loc,23538
EWAS24,BL,chr,22663
EWAS24,BL,dhs,22589
EWAS24,BL,probe.type,23125
EWAS25,IHW,sd.b,24
EWAS25,IHW,sd.m,27
EWAS25,IHW,mean,47
EWAS25,IHW,mad,42
EWAS25,IHW,dip,27
EWAS25,IHW,precision,27
EWAS25,IHW,direction,40
EWAS25,IHW,refgene.pos,33
EWAS25,IHW,cpg.loc,55
EWAS25,IHW,chr,21
EWAS25,IHW,dhs,34
EWAS25,IHW,probe.type,38
EWAS25,CAMT,sd.b,14
EWAS25,CAMT,sd.m,7
EWAS25,CAMT,mean,14
EWAS25,CAMT,mad,8
EWAS25,CAMT,dip,7
EWAS25,CAMT,precision,11
EWAS25,CAMT,direction,6
EWAS25,CAMT,refgene.pos,42
EWAS25,CAMT,cpg.loc,15
EWAS25,CAMT,chr,18
EWAS25,CAMT,dhs,8
EWAS25,CAMT,probe.type,8
EWAS25,FDRreg,sd.b,32
EWAS25,FDRreg,sd.m,32
EWAS25,FDRreg,mean,32
EWAS25,FDRreg,mad,32
EWAS25,FDRreg,dip,32
EWAS25,FDRreg,precision,32
EWAS25,FDRreg,direction,32
EWAS25,FDRreg,refgene.pos,32
EWAS25,FDRreg,cpg.loc,32
EWAS25,FDRreg,chr,32
EWAS25,FDRreg,dhs,32
EWAS25,FDRreg,probe.type,32
EWAS25,AdaPT,sd.b,0
EWAS25,AdaPT,sd.m,0
EWAS25,AdaPT,mean,0
EWAS25,AdaPT,mad,48
EWAS25,AdaPT,dip,0
EWAS25,AdaPT,precision,0
EWAS25,AdaPT,direction,0
EWAS25,AdaPT,refgene.pos,46
EWAS25,AdaPT,cpg.loc,0
EWAS25,AdaPT,chr,0
EWAS25,AdaPT,dhs,0
EWAS25,AdaPT,probe.type,0
EWAS25,BL,sd.b,39
EWAS25,BL,sd.m,39
EWAS25,BL,mean,41
EWAS25,BL,mad,39
EWAS25,BL,dip,35
EWAS25,BL,precision,37
EWAS25,BL,direction,43
EWAS25,BL,refgene.pos,42
EWAS25,BL,cpg.loc,42
EWAS25,BL,chr,42
EWAS25,BL,dhs,31
EWAS25,BL,probe.type,41
EWAS26,IHW,sd.b,57
EWAS26,IHW,sd.m,29
EWAS26,IHW,mean,67
EWAS26,IHW,mad,42
EWAS26,IHW,dip,14
EWAS26,IHW,precision,56
EWAS26,IHW,direction,14
EWAS26,IHW,refgene.pos,22
EWAS26,IHW,cpg.loc,22
EWAS26,IHW,chr,21
EWAS26,IHW,dhs,17
EWAS26,IHW,probe.type,20
EWAS26,CAMT,sd.b,46
EWAS26,CAMT,sd.m,49
EWAS26,CAMT,mean,75
EWAS26,CAMT,mad,36
EWAS26,CAMT,dip,27
EWAS26,CAMT,precision,44
EWAS26,CAMT,direction,28
EWAS26,CAMT,refgene.pos,28
EWAS26,CAMT,cpg.loc,24
EWAS26,CAMT,chr,22
EWAS26,CAMT,dhs,6
EWAS26,CAMT,probe.type,29
EWAS26,FDRreg,sd.b,20
EWAS26,FDRreg,sd.m,19
EWAS26,FDRreg,mean,20
EWAS26,FDRreg,mad,20
EWAS26,FDRreg,dip,19
EWAS26,FDRreg,precision,20
EWAS26,FDRreg,direction,19
EWAS26,FDRreg,refgene.pos,19
EWAS26,FDRreg,cpg.loc,19
EWAS26,FDRreg,chr,19
EWAS26,FDRreg,dhs,19
EWAS26,FDRreg,probe.type,19
EWAS26,AdaPT,sd.b,64
EWAS26,AdaPT,sd.m,70
EWAS26,AdaPT,mean,111
EWAS26,AdaPT,mad,0
EWAS26,AdaPT,dip,0
EWAS26,AdaPT,precision,41
EWAS26,AdaPT,direction,0
EWAS26,AdaPT,refgene.pos,21
EWAS26,AdaPT,cpg.loc,0
EWAS26,AdaPT,chr,0
EWAS26,AdaPT,dhs,0
EWAS26,AdaPT,probe.type,0
EWAS26,BL,sd.b,28
EWAS26,BL,sd.m,28
EWAS26,BL,mean,28
EWAS26,BL,mad,28
EWAS26,BL,dip,25
EWAS26,BL,precision,28
EWAS26,BL,direction,28
EWAS26,BL,refgene.pos,28
EWAS26,BL,cpg.loc,28
EWAS26,BL,chr,24
EWAS26,BL,dhs,28
EWAS26,BL,probe.type,28
EWAS27,IHW,sd.b,1425
EWAS27,IHW,sd.m,1198
EWAS27,IHW,mean,1344
EWAS27,IHW,mad,1493
EWAS27,IHW,dip,686
EWAS27,IHW,precision,1401
EWAS27,IHW,direction,689
EWAS27,IHW,refgene.pos,707
EWAS27,IHW,cpg.loc,739
EWAS27,IHW,chr,686
EWAS27,IHW,dhs,710
EWAS27,IHW,probe.type,703
EWAS27,CAMT,sd.b,2466
EWAS27,CAMT,sd.m,1856
EWAS27,CAMT,mean,2151
EWAS27,CAMT,mad,2457
EWAS27,CAMT,dip,898
EWAS27,CAMT,precision,2126
EWAS27,CAMT,direction,991
EWAS27,CAMT,refgene.pos,1095
EWAS27,CAMT,cpg.loc,1205
EWAS27,CAMT,chr,1057
EWAS27,CAMT,dhs,912
EWAS27,CAMT,probe.type,1065
EWAS27,FDRreg,sd.b,793
EWAS27,FDRreg,sd.m,783
EWAS27,FDRreg,mean,788
EWAS27,FDRreg,mad,796
EWAS27,FDRreg,dip,763
EWAS27,FDRreg,precision,796
EWAS27,FDRreg,direction,762
EWAS27,FDRreg,refgene.pos,763
EWAS27,FDRreg,cpg.loc,764
EWAS27,FDRreg,chr,763
EWAS27,FDRreg,dhs,763
EWAS27,FDRreg,probe.type,763
EWAS27,AdaPT,sd.b,2075
EWAS27,AdaPT,sd.m,1664
EWAS27,AdaPT,mean,1793
EWAS27,AdaPT,mad,2121
EWAS27,AdaPT,dip,747
EWAS27,AdaPT,precision,2074
EWAS27,AdaPT,direction,784
EWAS27,AdaPT,refgene.pos,1007
EWAS27,AdaPT,cpg.loc,1001
EWAS27,AdaPT,chr,944
EWAS27,AdaPT,dhs,501
EWAS27,AdaPT,probe.type,870
EWAS27,BL,sd.b,862
EWAS27,BL,sd.m,837
EWAS27,BL,mean,852
EWAS27,BL,mad,869
EWAS27,BL,dip,774
EWAS27,BL,precision,852
EWAS27,BL,direction,769
EWAS27,BL,refgene.pos,784
EWAS27,BL,cpg.loc,787
EWAS27,BL,chr,777
EWAS27,BL,dhs,778
EWAS27,BL,probe.type,780
EWAS28,IHW,sd.b,1101
EWAS28,IHW,sd.m,732
EWAS28,IHW,mean,1036
EWAS28,IHW,mad,1098
EWAS28,IHW,dip,484
EWAS28,IHW,precision,974
EWAS28,IHW,direction,487
EWAS28,IHW,refgene.pos,493
EWAS28,IHW,cpg.loc,515
EWAS28,IHW,chr,503
EWAS28,IHW,dhs,480
EWAS28,IHW,probe.type,495
EWAS28,CAMT,sd.b,1271
EWAS28,CAMT,sd.m,645
EWAS28,CAMT,mean,1250
EWAS28,CAMT,mad,1244
EWAS28,CAMT,dip,384
EWAS28,CAMT,precision,1089
EWAS28,CAMT,direction,467
EWAS28,CAMT,refgene.pos,482
EWAS28,CAMT,cpg.loc,505
EWAS28,CAMT,chr,412
EWAS28,CAMT,dhs,562
EWAS28,CAMT,probe.type,497
EWAS28,FDRreg,sd.b,513
EWAS28,FDRreg,sd.m,498
EWAS28,FDRreg,mean,509
EWAS28,FDRreg,mad,512
EWAS28,FDRreg,dip,490
EWAS28,FDRreg,precision,508
EWAS28,FDRreg,direction,490
EWAS28,FDRreg,refgene.pos,490
EWAS28,FDRreg,cpg.loc,491
EWAS28,FDRreg,chr,490
EWAS28,FDRreg,dhs,490
EWAS28,FDRreg,probe.type,490
EWAS28,AdaPT,sd.b,1444
EWAS28,AdaPT,sd.m,401
EWAS28,AdaPT,mean,1143
EWAS28,AdaPT,mad,1381
EWAS28,AdaPT,dip,163
EWAS28,AdaPT,precision,1185
EWAS28,AdaPT,direction,452
EWAS28,AdaPT,refgene.pos,393
EWAS28,AdaPT,cpg.loc,505
EWAS28,AdaPT,chr,266
EWAS28,AdaPT,dhs,232
EWAS28,AdaPT,probe.type,468
EWAS28,BL,sd.b,601
EWAS28,BL,sd.m,556
EWAS28,BL,mean,607
EWAS28,BL,mad,609
EWAS28,BL,dip,538
EWAS28,BL,precision,583
EWAS28,BL,direction,540
EWAS28,BL,refgene.pos,538
EWAS28,BL,cpg.loc,541
EWAS28,BL,chr,538
EWAS28,BL,dhs,542
EWAS28,BL,probe.type,539
EWAS29,IHW,sd.b,45
EWAS29,IHW,sd.m,50
EWAS29,IHW,mean,30
EWAS29,IHW,mad,56
EWAS29,IHW,dip,26
EWAS29,IHW,precision,43
EWAS29,IHW,direction,26
EWAS29,IHW,refgene.pos,28
EWAS29,IHW,cpg.loc,27
EWAS29,IHW,chr,26
EWAS29,IHW,dhs,25
EWAS29,IHW,probe.type,26
EWAS29,CAMT,sd.b,58
EWAS29,CAMT,sd.m,57
EWAS29,CAMT,mean,36
EWAS29,CAMT,mad,61
EWAS29,CAMT,dip,26
EWAS29,CAMT,precision,50
EWAS29,CAMT,direction,25
EWAS29,CAMT,refgene.pos,24
EWAS29,CAMT,cpg.loc,26
EWAS29,CAMT,chr,33
EWAS29,CAMT,dhs,26
EWAS29,CAMT,probe.type,25
EWAS29,FDRreg,sd.b,28
EWAS29,FDRreg,sd.m,28
EWAS29,FDRreg,mean,28
EWAS29,FDRreg,mad,28
EWAS29,FDRreg,dip,28
EWAS29,FDRreg,precision,28
EWAS29,FDRreg,direction,28
EWAS29,FDRreg,refgene.pos,28
EWAS29,FDRreg,cpg.loc,28
EWAS29,FDRreg,chr,28
EWAS29,FDRreg,dhs,28
EWAS29,FDRreg,probe.type,28
EWAS29,AdaPT,sd.b,39
EWAS29,AdaPT,sd.m,21
EWAS29,AdaPT,mean,27
EWAS29,AdaPT,mad,44
EWAS29,AdaPT,dip,0
EWAS29,AdaPT,precision,0
EWAS29,AdaPT,direction,0
EWAS29,AdaPT,refgene.pos,22
EWAS29,AdaPT,cpg.loc,0
EWAS29,AdaPT,chr,0
EWAS29,AdaPT,dhs,0
EWAS29,AdaPT,probe.type,22
EWAS29,BL,sd.b,26
EWAS29,BL,sd.m,27
EWAS29,BL,mean,26
EWAS29,BL,mad,26
EWAS29,BL,dip,26
EWAS29,BL,precision,27
EWAS29,BL,direction,26
EWAS29,BL,refgene.pos,26
EWAS29,BL,cpg.loc,26
EWAS29,BL,chr,26
EWAS29,BL,dhs,26
EWAS29,BL,probe.type,26
EWAS30,IHW,sd.b,14
EWAS30,IHW,sd.m,9
EWAS30,IHW,mean,11
EWAS30,IHW,mad,13
EWAS30,IHW,dip,3
EWAS30,IHW,precision,13
EWAS30,IHW,direction,6
EWAS30,IHW,refgene.pos,6
EWAS30,IHW,cpg.loc,10
EWAS30,IHW,chr,3
EWAS30,IHW,dhs,7
EWAS30,IHW,probe.type,6
EWAS30,CAMT,sd.b,30
EWAS30,CAMT,sd.m,9
EWAS30,CAMT,mean,30
EWAS30,CAMT,mad,27
EWAS30,CAMT,dip,7
EWAS30,CAMT,precision,22
EWAS30,CAMT,direction,11
EWAS30,CAMT,refgene.pos,8
EWAS30,CAMT,cpg.loc,6
EWAS30,CAMT,chr,8
EWAS30,CAMT,dhs,10
EWAS30,CAMT,probe.type,5
EWAS30,FDRreg,sd.b,6
EWAS30,FDRreg,sd.m,6
EWAS30,FDRreg,mean,6
EWAS30,FDRreg,mad,6
EWAS30,FDRreg,dip,6
EWAS30,FDRreg,precision,6
EWAS30,FDRreg,direction,6
EWAS30,FDRreg,refgene.pos,6
EWAS30,FDRreg,cpg.loc,6
EWAS30,FDRreg,chr,6
EWAS30,FDRreg,dhs,6
EWAS30,FDRreg,probe.type,6
EWAS30,AdaPT,sd.b,0
EWAS30,AdaPT,sd.m,0
EWAS30,AdaPT,mean,0
EWAS30,AdaPT,mad,0
EWAS30,AdaPT,dip,0
EWAS30,AdaPT,precision,0
EWAS30,AdaPT,direction,0
EWAS30,AdaPT,refgene.pos,0
EWAS30,AdaPT,cpg.loc,0
EWAS30,AdaPT,chr,0
EWAS30,AdaPT,dhs,0
EWAS30,AdaPT,probe.type,0
EWAS30,BL,sd.b,6
EWAS30,BL,sd.m,6
EWAS30,BL,mean,7
EWAS30,BL,mad,6
EWAS30,BL,dip,6
EWAS30,BL,precision,6
EWAS30,BL,direction,6
EWAS30,BL,refgene.pos,6
EWAS30,BL,cpg.loc,6
EWAS30,BL,chr,6
EWAS30,BL,dhs,6
EWAS30,BL,probe.type,6
EWAS31,IHW,sd.b,153
EWAS31,IHW,sd.m,181
EWAS31,IHW,mean,177
EWAS31,IHW,mad,149
EWAS31,IHW,dip,151
EWAS31,IHW,precision,151
EWAS31,IHW,direction,154
EWAS31,IHW,refgene.pos,163
EWAS31,IHW,cpg.loc,155
EWAS31,IHW,chr,144
EWAS31,IHW,dhs,132
EWAS31,IHW,probe.type,166
EWAS31,CAMT,sd.b,222
EWAS31,CAMT,sd.m,178
EWAS31,CAMT,mean,187
EWAS31,CAMT,mad,188
EWAS31,CAMT,dip,232
EWAS31,CAMT,precision,187
EWAS31,CAMT,direction,156
EWAS31,CAMT,refgene.pos,147
EWAS31,CAMT,cpg.loc,182
EWAS31,CAMT,chr,170
EWAS31,CAMT,dhs,181
EWAS31,CAMT,probe.type,203
EWAS31,FDRreg,sd.b,138
EWAS31,FDRreg,sd.m,137
EWAS31,FDRreg,mean,136
EWAS31,FDRreg,mad,136
EWAS31,FDRreg,dip,138
EWAS31,FDRreg,precision,139
EWAS31,FDRreg,direction,136
EWAS31,FDRreg,refgene.pos,136
EWAS31,FDRreg,cpg.loc,136
EWAS31,FDRreg,chr,136
EWAS31,FDRreg,dhs,136
EWAS31,FDRreg,probe.type,136
EWAS31,AdaPT,sd.b,125
EWAS31,AdaPT,sd.m,103
EWAS31,AdaPT,mean,0
EWAS31,AdaPT,mad,0
EWAS31,AdaPT,dip,166
EWAS31,AdaPT,precision,73
EWAS31,AdaPT,direction,128
EWAS31,AdaPT,refgene.pos,25
EWAS31,AdaPT,cpg.loc,82
EWAS31,AdaPT,chr,0
EWAS31,AdaPT,dhs,165
EWAS31,AdaPT,probe.type,202
EWAS31,BL,sd.b,167
EWAS31,BL,sd.m,165
EWAS31,BL,mean,163
EWAS31,BL,mad,162
EWAS31,BL,dip,166
EWAS31,BL,precision,166
EWAS31,BL,direction,160
EWAS31,BL,refgene.pos,161
EWAS31,BL,cpg.loc,161
EWAS31,BL,chr,161
EWAS31,BL,dhs,160
EWAS31,BL,probe.type,165
EWAS32,IHW,sd.b,1681
EWAS32,IHW,sd.m,1637
EWAS32,IHW,mean,1506
EWAS32,IHW,mad,1333
EWAS32,IHW,dip,1358
EWAS32,IHW,precision,1654
EWAS32,IHW,direction,1213
EWAS32,IHW,refgene.pos,1206
EWAS32,IHW,cpg.loc,1208
EWAS32,IHW,chr,1216
EWAS32,IHW,dhs,1211
EWAS32,IHW,probe.type,1212
EWAS32,CAMT,sd.b,2147
EWAS32,CAMT,sd.m,2399
EWAS32,CAMT,mean,1742
EWAS32,CAMT,mad,1602
EWAS32,CAMT,dip,1854
EWAS32,CAMT,precision,2255
EWAS32,CAMT,direction,1708
EWAS32,CAMT,refgene.pos,1754
EWAS32,CAMT,cpg.loc,1810
EWAS32,CAMT,chr,1658
EWAS32,CAMT,dhs,1663
EWAS32,CAMT,probe.type,1627
EWAS32,FDRreg,sd.b,1394
EWAS32,FDRreg,sd.m,1397
EWAS32,FDRreg,mean,1365
EWAS32,FDRreg,mad,1359
EWAS32,FDRreg,dip,1366
EWAS32,FDRreg,precision,1395
EWAS32,FDRreg,direction,1356
EWAS32,FDRreg,refgene.pos,1358
EWAS32,FDRreg,cpg.loc,1357
EWAS32,FDRreg,chr,1356
EWAS32,FDRreg,dhs,1356
EWAS32,FDRreg,probe.type,1356
EWAS32,AdaPT,sd.b,1590
EWAS32,AdaPT,sd.m,1785
EWAS32,AdaPT,mean,1491
EWAS32,AdaPT,mad,1413
EWAS32,AdaPT,dip,1023
EWAS32,AdaPT,precision,1485
EWAS32,AdaPT,direction,1606
EWAS32,AdaPT,refgene.pos,1432
EWAS32,AdaPT,cpg.loc,1462
EWAS32,AdaPT,chr,1590
EWAS32,AdaPT,dhs,1606
EWAS32,AdaPT,probe.type,1618
EWAS32,BL,sd.b,1483
EWAS32,BL,sd.m,1483
EWAS32,BL,mean,1429
EWAS32,BL,mad,1410
EWAS32,BL,dip,1438
EWAS32,BL,precision,1475
EWAS32,BL,direction,1418
EWAS32,BL,refgene.pos,1434
EWAS32,BL,cpg.loc,1432
EWAS32,BL,chr,1427
EWAS32,BL,dhs,1415
EWAS32,BL,probe.type,1419
EWAS33,IHW,sd.b,1510
EWAS33,IHW,sd.m,1571
EWAS33,IHW,mean,1651
EWAS33,IHW,mad,1495
EWAS33,IHW,dip,1456
EWAS33,IHW,precision,1478
EWAS33,IHW,refgene.pos,1490
EWAS33,IHW,cpg.loc,1493
EWAS33,IHW,chr,1456
EWAS33,IHW,dhs,1445
EWAS33,IHW,probe.type,1485
EWAS33,CAMT,sd.b,2383
EWAS33,CAMT,sd.m,2429
EWAS33,CAMT,mean,2986
EWAS33,CAMT,mad,2532
EWAS33,CAMT,dip,2275
EWAS33,CAMT,precision,2614
EWAS33,CAMT,refgene.pos,2622
EWAS33,CAMT,cpg.loc,2145
EWAS33,CAMT,chr,2247
EWAS33,CAMT,dhs,2222
EWAS33,CAMT,probe.type,2321
EWAS33,FDRreg,sd.b,1623
EWAS33,FDRreg,sd.m,1626
EWAS33,FDRreg,mean,1644
EWAS33,FDRreg,mad,1620
EWAS33,FDRreg,dip,1608
EWAS33,FDRreg,precision,1628
EWAS33,FDRreg,refgene.pos,1619
EWAS33,FDRreg,cpg.loc,1621
EWAS33,FDRreg,chr,1608
EWAS33,FDRreg,dhs,1609
EWAS33,FDRreg,probe.type,1612
EWAS33,AdaPT,sd.b,1772
EWAS33,AdaPT,sd.m,2102
EWAS33,AdaPT,mean,2842
EWAS33,AdaPT,mad,1804
EWAS33,AdaPT,dip,2253
EWAS33,AdaPT,precision,2037
EWAS33,AdaPT,refgene.pos,2092
EWAS33,AdaPT,cpg.loc,2043
EWAS33,AdaPT,chr,2144
EWAS33,AdaPT,dhs,2254
EWAS33,AdaPT,probe.type,2165
EWAS33,BL,sd.b,1838
EWAS33,BL,sd.m,1849
EWAS33,BL,mean,1920
EWAS33,BL,mad,1831
EWAS33,BL,dip,1794
EWAS33,BL,precision,1850
EWAS33,BL,refgene.pos,1812
EWAS33,BL,cpg.loc,1808
EWAS33,BL,chr,1798
EWAS33,BL,dhs,1819
EWAS33,BL,probe.type,1804
EWAS34,IHW,sd.b,5
EWAS34,IHW,sd.m,8
EWAS34,IHW,mean,14
EWAS34,IHW,mad,0
EWAS34,IHW,dip,5
EWAS34,IHW,precision,6
EWAS34,IHW,direction,9
EWAS34,IHW,refgene.pos,11
EWAS34,IHW,cpg.loc,14
EWAS34,IHW,chr,10
EWAS34,IHW,dhs,9
EWAS34,IHW,probe.type,9
EWAS34,CAMT,sd.b,9
EWAS34,CAMT,sd.m,9
EWAS34,CAMT,mean,14
EWAS34,CAMT,mad,8
EWAS34,CAMT,dip,11
EWAS34,CAMT,precision,10
EWAS34,CAMT,direction,14
EWAS34,CAMT,refgene.pos,11
EWAS34,CAMT,cpg.loc,15
EWAS34,CAMT,chr,8
EWAS34,CAMT,dhs,10
EWAS34,CAMT,probe.type,10
EWAS34,FDRreg,sd.b,4
EWAS34,FDRreg,sd.m,4
EWAS34,FDRreg,mean,4
EWAS34,FDRreg,mad,4
EWAS34,FDRreg,dip,4
EWAS34,FDRreg,precision,4
EWAS34,FDRreg,direction,4
EWAS34,FDRreg,refgene.pos,4
EWAS34,FDRreg,cpg.loc,4
EWAS34,FDRreg,chr,4
EWAS34,FDRreg,dhs,4
EWAS34,FDRreg,probe.type,4
EWAS34,AdaPT,sd.b,0
EWAS34,AdaPT,sd.m,0
EWAS34,AdaPT,mean,0
EWAS34,AdaPT,mad,0
EWAS34,AdaPT,dip,0
EWAS34,AdaPT,precision,0
EWAS34,AdaPT,direction,0
EWAS34,AdaPT,refgene.pos,0
EWAS34,AdaPT,cpg.loc,0
EWAS34,AdaPT,chr,0
EWAS34,AdaPT,dhs,0
EWAS34,AdaPT,probe.type,0
EWAS34,BL,sd.b,10
EWAS34,BL,sd.m,10
EWAS34,BL,mean,10
EWAS34,BL,mad,10
EWAS34,BL,dip,10
EWAS34,BL,precision,10
EWAS34,BL,direction,10
EWAS34,BL,refgene.pos,10
EWAS34,BL,cpg.loc,10
EWAS34,BL,chr,10
EWAS34,BL,dhs,10
EWAS34,BL,probe.type,10
EWAS35,IHW,sd.b,366
EWAS35,IHW,sd.m,186
EWAS35,IHW,mean,369
EWAS35,IHW,mad,350
EWAS35,IHW,dip,158
EWAS35,IHW,precision,327
EWAS35,IHW,direction,147
EWAS35,IHW,refgene.pos,162
EWAS35,IHW,cpg.loc,156
EWAS35,IHW,chr,150
EWAS35,IHW,dhs,133
EWAS35,IHW,probe.type,150
EWAS35,CAMT,sd.b,386
EWAS35,CAMT,sd.m,112
EWAS35,CAMT,mean,308
EWAS35,CAMT,mad,288
EWAS35,CAMT,dip,132
EWAS35,CAMT,precision,390
EWAS35,CAMT,direction,96
EWAS35,CAMT,refgene.pos,196
EWAS35,CAMT,cpg.loc,130
EWAS35,CAMT,chr,137
EWAS35,CAMT,dhs,129
EWAS35,CAMT,probe.type,110
EWAS35,FDRreg,sd.b,155
EWAS35,FDRreg,sd.m,153
EWAS35,FDRreg,mean,156
EWAS35,FDRreg,mad,155
EWAS35,FDRreg,dip,153
EWAS35,FDRreg,precision,155
EWAS35,FDRreg,direction,153
EWAS35,FDRreg,refgene.pos,153
EWAS35,FDRreg,cpg.loc,153
EWAS35,FDRreg,chr,153
EWAS35,FDRreg,dhs,153
EWAS35,FDRreg,probe.type,153
EWAS35,AdaPT,sd.b,223
EWAS35,AdaPT,sd.m,0
EWAS35,AdaPT,mean,255
EWAS35,AdaPT,mad,105
EWAS35,AdaPT,dip,0
EWAS35,AdaPT,precision,268
EWAS35,AdaPT,direction,61
EWAS35,AdaPT,refgene.pos,0
EWAS35,AdaPT,cpg.loc,66
EWAS35,AdaPT,chr,0
EWAS35,AdaPT,dhs,105
EWAS35,AdaPT,probe.type,66
EWAS35,BL,sd.b,182
EWAS35,BL,sd.m,158
EWAS35,BL,mean,190
EWAS35,BL,mad,183
EWAS35,BL,dip,138
EWAS35,BL,precision,167
EWAS35,BL,direction,155
EWAS35,BL,refgene.pos,148
EWAS35,BL,cpg.loc,159
EWAS35,BL,chr,137
EWAS35,BL,dhs,139
EWAS35,BL,probe.type,146
EWAS36,IHW,sd.b,0
EWAS36,IHW,sd.m,0
EWAS36,IHW,mean,0
EWAS36,IHW,mad,0
EWAS36,IHW,dip,0
EWAS36,IHW,precision,0
EWAS36,IHW,icc.m,0
EWAS36,IHW,icc.b,0
EWAS36,IHW,direction,0
EWAS36,IHW,refgene.pos,0
EWAS36,IHW,cpg.loc,0
EWAS36,IHW,chr,0
EWAS36,IHW,dhs,0
EWAS36,IHW,probe.type,0
EWAS36,CAMT,sd.b,0
EWAS36,CAMT,sd.m,0
EWAS36,CAMT,mean,0
EWAS36,CAMT,mad,0
EWAS36,CAMT,dip,0
EWAS36,CAMT,precision,0
EWAS36,CAMT,icc.m,0
EWAS36,CAMT,icc.b,0
EWAS36,CAMT,direction,0
EWAS36,CAMT,refgene.pos,0
EWAS36,CAMT,cpg.loc,0
EWAS36,CAMT,chr,0
EWAS36,CAMT,dhs,0
EWAS36,CAMT,probe.type,0
EWAS36,FDRreg,sd.b,0
EWAS36,FDRreg,sd.m,0
EWAS36,FDRreg,mean,0
EWAS36,FDRreg,mad,0
EWAS36,FDRreg,dip,0
EWAS36,FDRreg,precision,0
EWAS36,FDRreg,icc.m,0
EWAS36,FDRreg,icc.b,0
EWAS36,FDRreg,direction,0
EWAS36,FDRreg,refgene.pos,0
EWAS36,FDRreg,cpg.loc,0
EWAS36,FDRreg,chr,0
EWAS36,FDRreg,dhs,0
EWAS36,FDRreg,probe.type,0
EWAS36,AdaPT,sd.b,0
EWAS36,AdaPT,sd.m,0
EWAS36,AdaPT,mean,0
EWAS36,AdaPT,mad,0
EWAS36,AdaPT,dip,0
EWAS36,AdaPT,precision,0
EWAS36,AdaPT,icc.m,0
EWAS36,AdaPT,icc.b,0
EWAS36,AdaPT,direction,0
EWAS36,AdaPT,refgene.pos,0
EWAS36,AdaPT,cpg.loc,0
EWAS36,AdaPT,chr,0
EWAS36,AdaPT,dhs,0
EWAS36,AdaPT,probe.type,0
EWAS36,BL,sd.b,0
EWAS36,BL,sd.m,0
EWAS36,BL,mean,0
EWAS36,BL,mad,0
EWAS36,BL,dip,0
EWAS36,BL,precision,0
EWAS36,BL,icc.m,0
EWAS36,BL,icc.b,0
EWAS36,BL,direction,0
EWAS36,BL,refgene.pos,0
EWAS36,BL,cpg.loc,0
EWAS36,BL,chr,0
EWAS36,BL,dhs,0
EWAS36,BL,probe.type,0
EWAS37,IHW,sd.b,4808
EWAS37,IHW,sd.m,3982
EWAS37,IHW,mean,5629
EWAS37,IHW,mad,4873
EWAS37,IHW,dip,3992
EWAS37,IHW,precision,4322
EWAS37,IHW,direction,4037
EWAS37,IHW,refgene.pos,3989
EWAS37,IHW,cpg.loc,4135
EWAS37,IHW,chr,3966
EWAS37,IHW,dhs,4009
EWAS37,IHW,probe.type,3983
EWAS37,CAMT,sd.b,5845
EWAS37,CAMT,sd.m,4427
EWAS37,CAMT,mean,7084
EWAS37,CAMT,mad,5728
EWAS37,CAMT,dip,4440
EWAS37,CAMT,precision,5172
EWAS37,CAMT,direction,4484
EWAS37,CAMT,refgene.pos,4522
EWAS37,CAMT,cpg.loc,4699
EWAS37,CAMT,chr,4482
EWAS37,CAMT,dhs,4462
EWAS37,CAMT,probe.type,4531
EWAS37,FDRreg,sd.b,4285
EWAS37,FDRreg,sd.m,4224
EWAS37,FDRreg,mean,4376
EWAS37,FDRreg,mad,4290
EWAS37,FDRreg,dip,4224
EWAS37,FDRreg,precision,4252
EWAS37,FDRreg,direction,4225
EWAS37,FDRreg,refgene.pos,4224
EWAS37,FDRreg,cpg.loc,4234
EWAS37,FDRreg,chr,4224
EWAS37,FDRreg,dhs,4226
EWAS37,FDRreg,probe.type,4223
EWAS37,AdaPT,sd.b,5551
EWAS37,AdaPT,sd.m,4461
EWAS37,AdaPT,mean,6603
EWAS37,AdaPT,mad,5524
EWAS37,AdaPT,dip,4282
EWAS37,AdaPT,precision,4909
EWAS37,AdaPT,direction,4371
EWAS37,AdaPT,refgene.pos,4275
EWAS37,AdaPT,cpg.loc,4270
EWAS37,AdaPT,chr,4107
EWAS37,AdaPT,dhs,4334
EWAS37,AdaPT,probe.type,4491
EWAS37,BL,sd.b,4532
EWAS37,BL,sd.m,4429
EWAS37,BL,mean,4695
EWAS37,BL,mad,4536
EWAS37,BL,dip,4427
EWAS37,BL,precision,4491
EWAS37,BL,direction,4430
EWAS37,BL,refgene.pos,4432
EWAS37,BL,cpg.loc,4452
EWAS37,BL,chr,4460
EWAS37,BL,dhs,4442
EWAS37,BL,probe.type,4424
EWAS38,IHW,sd.b,0
EWAS38,IHW,sd.m,0
EWAS38,IHW,mean,0
EWAS38,IHW,mad,0
EWAS38,IHW,dip,0
EWAS38,IHW,precision,0
EWAS38,IHW,refgene.pos,0
EWAS38,IHW,cpg.loc,0
EWAS38,IHW,chr,0
EWAS38,IHW,dhs,0
EWAS38,IHW,probe.type,0
EWAS38,CAMT,sd.b,0
EWAS38,CAMT,sd.m,0
EWAS38,CAMT,mean,0
EWAS38,CAMT,mad,0
EWAS38,CAMT,dip,0
EWAS38,CAMT,precision,0
EWAS38,CAMT,refgene.pos,0
EWAS38,CAMT,cpg.loc,0
EWAS38,CAMT,chr,0
EWAS38,CAMT,dhs,0
EWAS38,CAMT,probe.type,0
EWAS38,FDRreg,sd.b,0
EWAS38,FDRreg,sd.m,0
EWAS38,FDRreg,mean,0
EWAS38,FDRreg,mad,0
EWAS38,FDRreg,dip,0
EWAS38,FDRreg,precision,0
EWAS38,FDRreg,refgene.pos,0
EWAS38,FDRreg,cpg.loc,0
EWAS38,FDRreg,chr,0
EWAS38,FDRreg,dhs,0
EWAS38,FDRreg,probe.type,0
EWAS38,AdaPT,sd.b,0
EWAS38,AdaPT,sd.m,0
EWAS38,AdaPT,mean,0
EWAS38,AdaPT,mad,0
EWAS38,AdaPT,dip,0
EWAS38,AdaPT,precision,0
EWAS38,AdaPT,refgene.pos,0
EWAS38,AdaPT,cpg.loc,0
EWAS38,AdaPT,chr,0
EWAS38,AdaPT,dhs,0
EWAS38,AdaPT,probe.type,0
EWAS38,BL,sd.b,0
EWAS38,BL,sd.m,0
EWAS38,BL,mean,0
EWAS38,BL,mad,0
EWAS38,BL,dip,0
EWAS38,BL,precision,0
EWAS38,BL,refgene.pos,0
EWAS38,BL,cpg.loc,0
EWAS38,BL,chr,0
EWAS38,BL,dhs,0
EWAS38,BL,probe.type,0
EWAS39,IHW,sd.b,23
EWAS39,IHW,sd.m,19
EWAS39,IHW,mean,23
EWAS39,IHW,mad,29
EWAS39,IHW,dip,24
EWAS39,IHW,precision,27
EWAS39,IHW,direction,25
EWAS39,IHW,refgene.pos,19
EWAS39,IHW,cpg.loc,22
EWAS39,IHW,chr,20
EWAS39,IHW,dhs,23
EWAS39,IHW,probe.type,22
EWAS39,CAMT,sd.b,20
EWAS39,CAMT,sd.m,22
EWAS39,CAMT,mean,44
EWAS39,CAMT,mad,33
EWAS39,CAMT,dip,24
EWAS39,CAMT,precision,23
EWAS39,CAMT,direction,12
EWAS39,CAMT,refgene.pos,23
EWAS39,CAMT,cpg.loc,24
EWAS39,CAMT,chr,30
EWAS39,CAMT,dhs,23
EWAS39,CAMT,probe.type,23
EWAS39,FDRreg,sd.b,15
EWAS39,FDRreg,sd.m,15
EWAS39,FDRreg,mean,16
EWAS39,FDRreg,mad,15
EWAS39,FDRreg,dip,15
EWAS39,FDRreg,precision,15
EWAS39,FDRreg,direction,15
EWAS39,FDRreg,refgene.pos,15
EWAS39,FDRreg,cpg.loc,15
EWAS39,FDRreg,chr,15
EWAS39,FDRreg,dhs,15
EWAS39,FDRreg,probe.type,15
EWAS39,AdaPT,sd.b,0
EWAS39,AdaPT,sd.m,0
EWAS39,AdaPT,mean,0
EWAS39,AdaPT,mad,0
EWAS39,AdaPT,dip,0
EWAS39,AdaPT,precision,0
EWAS39,AdaPT,direction,0
EWAS39,AdaPT,refgene.pos,0
EWAS39,AdaPT,cpg.loc,0
EWAS39,AdaPT,chr,0
EWAS39,AdaPT,dhs,0
EWAS39,AdaPT,probe.type,0
EWAS39,BL,sd.b,25
EWAS39,BL,sd.m,24
EWAS39,BL,mean,25
EWAS39,BL,mad,25
EWAS39,BL,dip,23
EWAS39,BL,precision,25
EWAS39,BL,direction,23
EWAS39,BL,refgene.pos,23
EWAS39,BL,cpg.loc,23
EWAS39,BL,chr,24
EWAS39,BL,dhs,23
EWAS39,BL,probe.type,23
EWAS40,IHW,sd.b,19
EWAS40,IHW,sd.m,19
EWAS40,IHW,mean,18
EWAS40,IHW,mad,17
EWAS40,IHW,dip,15
EWAS40,IHW,precision,18
EWAS40,IHW,refgene.pos,19
EWAS40,IHW,cpg.loc,18
EWAS40,IHW,chr,18
EWAS40,IHW,dhs,18
EWAS40,IHW,probe.type,16
EWAS40,CAMT,sd.b,18
EWAS40,CAMT,sd.m,16
EWAS40,CAMT,mean,18
EWAS40,CAMT,mad,12
EWAS40,CAMT,dip,19
EWAS40,CAMT,precision,18
EWAS40,CAMT,refgene.pos,30
EWAS40,CAMT,cpg.loc,15
EWAS40,CAMT,chr,22
EWAS40,CAMT,dhs,20
EWAS40,CAMT,probe.type,17
EWAS40,FDRreg,sd.b,20
EWAS40,FDRreg,sd.m,20
EWAS40,FDRreg,mean,20
EWAS40,FDRreg,mad,20
EWAS40,FDRreg,dip,20
EWAS40,FDRreg,precision,20
EWAS40,FDRreg,refgene.pos,20
EWAS40,FDRreg,cpg.loc,20
EWAS40,FDRreg,chr,20
EWAS40,FDRreg,dhs,20
EWAS40,FDRreg,probe.type,20
EWAS40,AdaPT,sd.b,0
EWAS40,AdaPT,sd.m,0
EWAS40,AdaPT,mean,0
EWAS40,AdaPT,mad,0
EWAS40,AdaPT,dip,0
EWAS40,AdaPT,precision,0
EWAS40,AdaPT,refgene.pos,0
EWAS40,AdaPT,cpg.loc,0
EWAS40,AdaPT,chr,0
EWAS40,AdaPT,dhs,0
EWAS40,AdaPT,probe.type,0
EWAS40,BL,sd.b,19
EWAS40,BL,sd.m,19
EWAS40,BL,mean,19
EWAS40,BL,mad,19
EWAS40,BL,dip,19
EWAS40,BL,precision,19
EWAS40,BL,refgene.pos,19
EWAS40,BL,cpg.loc,19
EWAS40,BL,chr,19
EWAS40,BL,dhs,19
EWAS40,BL,probe.type,19
EWAS41,IHW,sd.b,92
EWAS41,IHW,sd.m,101
EWAS41,IHW,mean,106
EWAS41,IHW,mad,74
EWAS41,IHW,dip,87
EWAS41,IHW,precision,106
EWAS41,IHW,direction,98
EWAS41,IHW,refgene.pos,73
EWAS41,IHW,cpg.loc,92
EWAS41,IHW,chr,80
EWAS41,IHW,dhs,82
EWAS41,IHW,probe.type,68
EWAS41,CAMT,sd.b,105
EWAS41,CAMT,sd.m,165
EWAS41,CAMT,mean,97
EWAS41,CAMT,mad,91
EWAS41,CAMT,dip,151
EWAS41,CAMT,precision,95
EWAS41,CAMT,direction,112
EWAS41,CAMT,refgene.pos,74
EWAS41,CAMT,cpg.loc,109
EWAS41,CAMT,chr,110
EWAS41,CAMT,dhs,109
EWAS41,CAMT,probe.type,69
EWAS41,FDRreg,sd.b,95
EWAS41,FDRreg,sd.m,96
EWAS41,FDRreg,mean,96
EWAS41,FDRreg,mad,95
EWAS41,FDRreg,dip,98
EWAS41,FDRreg,precision,96
EWAS41,FDRreg,direction,95
EWAS41,FDRreg,refgene.pos,95
EWAS41,FDRreg,cpg.loc,95
EWAS41,FDRreg,chr,95
EWAS41,FDRreg,dhs,95
EWAS41,FDRreg,probe.type,95
EWAS41,AdaPT,sd.b,106
EWAS41,AdaPT,sd.m,84
EWAS41,AdaPT,mean,184
EWAS41,AdaPT,mad,101
EWAS41,AdaPT,dip,132
EWAS41,AdaPT,precision,48
EWAS41,AdaPT,direction,143
EWAS41,AdaPT,refgene.pos,131
EWAS41,AdaPT,cpg.loc,134
EWAS41,AdaPT,chr,33
EWAS41,AdaPT,dhs,121
EWAS41,AdaPT,probe.type,0
EWAS41,BL,sd.b,90
EWAS41,BL,sd.m,90
EWAS41,BL,mean,90
EWAS41,BL,mad,90
EWAS41,BL,dip,103
EWAS41,BL,precision,90
EWAS41,BL,direction,90
EWAS41,BL,refgene.pos,90
EWAS41,BL,cpg.loc,90
EWAS41,BL,chr,90
EWAS41,BL,dhs,90
EWAS41,BL,probe.type,90
EWAS42,IHW,sd.b,82
EWAS42,IHW,sd.m,59
EWAS42,IHW,mean,103
EWAS42,IHW,mad,77
EWAS42,IHW,dip,64
EWAS42,IHW,precision,77
EWAS42,IHW,refgene.pos,83
EWAS42,IHW,cpg.loc,78
EWAS42,IHW,chr,84
EWAS42,IHW,dhs,80
EWAS42,IHW,probe.type,76
EWAS42,CAMT,sd.b,69
EWAS42,CAMT,sd.m,104
EWAS42,CAMT,mean,169
EWAS42,CAMT,mad,91
EWAS42,CAMT,dip,73
EWAS42,CAMT,precision,101
EWAS42,CAMT,refgene.pos,88
EWAS42,CAMT,cpg.loc,88
EWAS42,CAMT,chr,115
EWAS42,CAMT,dhs,68
EWAS42,CAMT,probe.type,71
EWAS42,FDRreg,sd.b,69
EWAS42,FDRreg,sd.m,69
EWAS42,FDRreg,mean,70
EWAS42,FDRreg,mad,69
EWAS42,FDRreg,dip,69
EWAS42,FDRreg,precision,69
EWAS42,FDRreg,refgene.pos,69
EWAS42,FDRreg,cpg.loc,69
EWAS42,FDRreg,chr,69
EWAS42,FDRreg,dhs,69
EWAS42,FDRreg,probe.type,69
EWAS42,AdaPT,sd.b,0
EWAS42,AdaPT,sd.m,0
EWAS42,AdaPT,mean,107
EWAS42,AdaPT,mad,0
EWAS42,AdaPT,dip,0
EWAS42,AdaPT,precision,0
EWAS42,AdaPT,refgene.pos,0
EWAS42,AdaPT,cpg.loc,0
EWAS42,AdaPT,chr,43
EWAS42,AdaPT,dhs,29
EWAS42,AdaPT,probe.type,0
EWAS42,BL,sd.b,94
EWAS42,BL,sd.m,91
EWAS42,BL,mean,90
EWAS42,BL,mad,92
EWAS42,BL,dip,90
EWAS42,BL,precision,89
EWAS42,BL,refgene.pos,90
EWAS42,BL,cpg.loc,89
EWAS42,BL,chr,88
EWAS42,BL,dhs,93
EWAS42,BL,probe.type,89
EWAS43,IHW,sd.b,5404
EWAS43,IHW,sd.m,5175
EWAS43,IHW,mean,4954
EWAS43,IHW,mad,4622
EWAS43,IHW,dip,3998
EWAS43,IHW,precision,5362
EWAS43,IHW,direction,3958
EWAS43,IHW,refgene.pos,4160
EWAS43,IHW,cpg.loc,4332
EWAS43,IHW,chr,3954
EWAS43,IHW,dhs,4006
EWAS43,IHW,probe.type,4100
EWAS43,CAMT,sd.b,6641
EWAS43,CAMT,sd.m,6433
EWAS43,CAMT,mean,6209
EWAS43,CAMT,mad,6055
EWAS43,CAMT,dip,4648
EWAS43,CAMT,precision,6901
EWAS43,CAMT,direction,4542
EWAS43,CAMT,refgene.pos,5081
EWAS43,CAMT,cpg.loc,4968
EWAS43,CAMT,chr,4446
EWAS43,CAMT,dhs,4864
EWAS43,CAMT,probe.type,4483
EWAS43,FDRreg,sd.b,4599
EWAS43,FDRreg,sd.m,4572
EWAS43,FDRreg,mean,4548
EWAS43,FDRreg,mad,4524
EWAS43,FDRreg,dip,4460
EWAS43,FDRreg,precision,4594
EWAS43,FDRreg,direction,4454
EWAS43,FDRreg,refgene.pos,4473
EWAS43,FDRreg,cpg.loc,4488
EWAS43,FDRreg,chr,4454
EWAS43,FDRreg,dhs,4459
EWAS43,FDRreg,probe.type,4465
EWAS43,AdaPT,sd.b,6421
EWAS43,AdaPT,sd.m,5973
EWAS43,AdaPT,mean,5827
EWAS43,AdaPT,mad,5303
EWAS43,AdaPT,dip,4142
EWAS43,AdaPT,precision,6301
EWAS43,AdaPT,direction,4163
EWAS43,AdaPT,refgene.pos,4616
EWAS43,AdaPT,cpg.loc,4571
EWAS43,AdaPT,chr,4303
EWAS43,AdaPT,dhs,4693
EWAS43,AdaPT,probe.type,4271
EWAS43,BL,sd.b,4874
EWAS43,BL,sd.m,4803
EWAS43,BL,mean,4799
EWAS43,BL,mad,4715
EWAS43,BL,dip,4579
EWAS43,BL,precision,4856
EWAS43,BL,direction,4593
EWAS43,BL,refgene.pos,4630
EWAS43,BL,cpg.loc,4638
EWAS43,BL,chr,4565
EWAS43,BL,dhs,4574
EWAS43,BL,probe.type,4609
EWAS44,IHW,sd.b,0
EWAS44,IHW,sd.m,0
EWAS44,IHW,mean,0
EWAS44,IHW,mad,0
EWAS44,IHW,dip,0
EWAS44,IHW,precision,0
EWAS44,IHW,direction,0
EWAS44,IHW,refgene.pos,0
EWAS44,IHW,cpg.loc,0
EWAS44,IHW,chr,0
EWAS44,IHW,dhs,0
EWAS44,IHW,probe.type,0
EWAS44,CAMT,sd.b,0
EWAS44,CAMT,sd.m,0
EWAS44,CAMT,mean,0
EWAS44,CAMT,mad,0
EWAS44,CAMT,dip,0
EWAS44,CAMT,precision,0
EWAS44,CAMT,direction,0
EWAS44,CAMT,refgene.pos,0
EWAS44,CAMT,cpg.loc,0
EWAS44,CAMT,chr,0
EWAS44,CAMT,dhs,0
EWAS44,CAMT,probe.type,0
EWAS44,FDRreg,sd.b,0
EWAS44,FDRreg,sd.m,0
EWAS44,FDRreg,mean,0
EWAS44,FDRreg,mad,0
EWAS44,FDRreg,dip,0
EWAS44,FDRreg,precision,0
EWAS44,FDRreg,direction,0
EWAS44,FDRreg,refgene.pos,0
EWAS44,FDRreg,cpg.loc,0
EWAS44,FDRreg,chr,0
EWAS44,FDRreg,dhs,0
EWAS44,FDRreg,probe.type,0
EWAS44,AdaPT,sd.b,0
EWAS44,AdaPT,sd.m,0
EWAS44,AdaPT,mean,0
EWAS44,AdaPT,mad,0
EWAS44,AdaPT,dip,0
EWAS44,AdaPT,precision,0
EWAS44,AdaPT,direction,0
EWAS44,AdaPT,refgene.pos,0
EWAS44,AdaPT,cpg.loc,0
EWAS44,AdaPT,chr,0
EWAS44,AdaPT,dhs,0
EWAS44,AdaPT,probe.type,0
EWAS44,BL,sd.b,0
EWAS44,BL,sd.m,0
EWAS44,BL,mean,0
EWAS44,BL,mad,0
EWAS44,BL,dip,0
EWAS44,BL,precision,0
EWAS44,BL,direction,0
EWAS44,BL,refgene.pos,0
EWAS44,BL,cpg.loc,0
EWAS44,BL,chr,0
EWAS44,BL,dhs,0
EWAS44,BL,probe.type,0
EWAS45,IHW,sd.b,756
EWAS45,IHW,sd.m,395
EWAS45,IHW,mean,963
EWAS45,IHW,mad,781
EWAS45,IHW,dip,369
EWAS45,IHW,precision,613
EWAS45,IHW,icc.m,805
EWAS45,IHW,icc.b,779
EWAS45,IHW,direction,392
EWAS45,IHW,refgene.pos,353
EWAS45,IHW,cpg.loc,346
EWAS45,IHW,chr,391
EWAS45,IHW,dhs,413
EWAS45,IHW,probe.type,390
EWAS45,CAMT,sd.b,756
EWAS45,CAMT,sd.m,510
EWAS45,CAMT,mean,1305
EWAS45,CAMT,mad,930
EWAS45,CAMT,dip,395
EWAS45,CAMT,precision,708
EWAS45,CAMT,icc.m,1208
EWAS45,CAMT,icc.b,1216
EWAS45,CAMT,direction,411
EWAS45,CAMT,refgene.pos,403
EWAS45,CAMT,cpg.loc,434
EWAS45,CAMT,chr,441
EWAS45,CAMT,dhs,462
EWAS45,CAMT,probe.type,417
EWAS45,FDRreg,sd.b,426
EWAS45,FDRreg,sd.m,418
EWAS45,FDRreg,mean,433
EWAS45,FDRreg,mad,427
EWAS45,FDRreg,dip,417
EWAS45,FDRreg,precision,423
EWAS45,FDRreg,icc.m,443
EWAS45,FDRreg,icc.b,439
EWAS45,FDRreg,direction,417
EWAS45,FDRreg,refgene.pos,417
EWAS45,FDRreg,cpg.loc,417
EWAS45,FDRreg,chr,417
EWAS45,FDRreg,dhs,417
EWAS45,FDRreg,probe.type,417
EWAS45,AdaPT,sd.b,937
EWAS45,AdaPT,sd.m,293
EWAS45,AdaPT,mean,1071
EWAS45,AdaPT,mad,883
EWAS45,AdaPT,dip,389
EWAS45,AdaPT,precision,524
EWAS45,AdaPT,icc.m,1181
EWAS45,AdaPT,icc.b,1148
EWAS45,AdaPT,direction,398
EWAS45,AdaPT,refgene.pos,441
EWAS45,AdaPT,cpg.loc,312
EWAS45,AdaPT,chr,231
EWAS45,AdaPT,dhs,188
EWAS45,AdaPT,probe.type,521
EWAS45,BL,sd.b,467
EWAS45,BL,sd.m,427
EWAS45,BL,mean,493
EWAS45,BL,mad,478
EWAS45,BL,dip,426
EWAS45,BL,precision,440
EWAS45,BL,icc.m,469
EWAS45,BL,icc.b,468
EWAS45,BL,direction,425
EWAS45,BL,refgene.pos,424
EWAS45,BL,cpg.loc,426
EWAS45,BL,chr,426
EWAS45,BL,dhs,425
EWAS45,BL,probe.type,425
EWAS46,IHW,sd.b,2
EWAS46,IHW,sd.m,2
EWAS46,IHW,mean,2
EWAS46,IHW,mad,2
EWAS46,IHW,dip,2
EWAS46,IHW,precision,2
EWAS46,IHW,refgene.pos,2
EWAS46,IHW,cpg.loc,2
EWAS46,IHW,chr,2
EWAS46,IHW,dhs,2
EWAS46,IHW,probe.type,2
EWAS46,CAMT,sd.b,0
EWAS46,CAMT,sd.m,1
EWAS46,CAMT,mean,0
EWAS46,CAMT,mad,0
EWAS46,CAMT,dip,0
EWAS46,CAMT,precision,0
EWAS46,CAMT,refgene.pos,2
EWAS46,CAMT,cpg.loc,0
EWAS46,CAMT,chr,2
EWAS46,CAMT,dhs,2
EWAS46,CAMT,probe.type,2
EWAS46,FDRreg,sd.b,0
EWAS46,FDRreg,sd.m,0
EWAS46,FDRreg,mean,0
EWAS46,FDRreg,mad,0
EWAS46,FDRreg,dip,0
EWAS46,FDRreg,precision,0
EWAS46,FDRreg,refgene.pos,0
EWAS46,FDRreg,cpg.loc,0
EWAS46,FDRreg,chr,0
EWAS46,FDRreg,dhs,0
EWAS46,FDRreg,probe.type,0
EWAS46,AdaPT,sd.b,0
EWAS46,AdaPT,sd.m,0
EWAS46,AdaPT,mean,0
EWAS46,AdaPT,mad,0
EWAS46,AdaPT,dip,0
EWAS46,AdaPT,precision,0
EWAS46,AdaPT,refgene.pos,0
EWAS46,AdaPT,cpg.loc,0
EWAS46,AdaPT,chr,0
EWAS46,AdaPT,dhs,0
EWAS46,AdaPT,probe.type,0
EWAS46,BL,sd.b,2
EWAS46,BL,sd.m,2
EWAS46,BL,mean,2
EWAS46,BL,mad,2
EWAS46,BL,dip,2
EWAS46,BL,precision,2
EWAS46,BL,refgene.pos,2
EWAS46,BL,cpg.loc,2
EWAS46,BL,chr,2
EWAS46,BL,dhs,2
EWAS46,BL,probe.type,2
EWAS47,IHW,sd.b,32
EWAS47,IHW,sd.m,17
EWAS47,IHW,mean,28
EWAS47,IHW,mad,29
EWAS47,IHW,dip,16
EWAS47,IHW,precision,35
EWAS47,IHW,direction,19
EWAS47,IHW,refgene.pos,15
EWAS47,IHW,cpg.loc,16
EWAS47,IHW,chr,16
EWAS47,IHW,dhs,18
EWAS47,IHW,probe.type,20
EWAS47,CAMT,sd.b,76
EWAS47,CAMT,sd.m,26
EWAS47,CAMT,mean,62
EWAS47,CAMT,mad,57
EWAS47,CAMT,dip,21
EWAS47,CAMT,precision,63
EWAS47,CAMT,direction,16
EWAS47,CAMT,refgene.pos,21
EWAS47,CAMT,cpg.loc,21
EWAS47,CAMT,chr,17
EWAS47,CAMT,dhs,16
EWAS47,CAMT,probe.type,22
EWAS47,FDRreg,sd.b,23
EWAS47,FDRreg,sd.m,23
EWAS47,FDRreg,mean,23
EWAS47,FDRreg,mad,23
EWAS47,FDRreg,dip,22
EWAS47,FDRreg,precision,23
EWAS47,FDRreg,direction,22
EWAS47,FDRreg,refgene.pos,22
EWAS47,FDRreg,cpg.loc,22
EWAS47,FDRreg,chr,22
EWAS47,FDRreg,dhs,22
EWAS47,FDRreg,probe.type,22
EWAS47,AdaPT,sd.b,172
EWAS47,AdaPT,sd.m,0
EWAS47,AdaPT,mean,87
EWAS47,AdaPT,mad,184
EWAS47,AdaPT,dip,0
EWAS47,AdaPT,precision,0
EWAS47,AdaPT,direction,0
EWAS47,AdaPT,refgene.pos,0
EWAS47,AdaPT,cpg.loc,61
EWAS47,AdaPT,chr,82
EWAS47,AdaPT,dhs,0
EWAS47,AdaPT,probe.type,0
EWAS47,BL,sd.b,19
EWAS47,BL,sd.m,19
EWAS47,BL,mean,19
EWAS47,BL,mad,19
EWAS47,BL,dip,16
EWAS47,BL,precision,19
EWAS47,BL,direction,16
EWAS47,BL,refgene.pos,16
EWAS47,BL,cpg.loc,16
EWAS47,BL,chr,16
EWAS47,BL,dhs,16
EWAS47,BL,probe.type,16
EWAS48,IHW,sd.b,0
EWAS48,IHW,sd.m,1
EWAS48,IHW,mean,1
EWAS48,IHW,mad,6
EWAS48,IHW,dip,4
EWAS48,IHW,precision,1
EWAS48,IHW,direction,1
EWAS48,IHW,refgene.pos,1
EWAS48,IHW,cpg.loc,1
EWAS48,IHW,chr,1
EWAS48,IHW,dhs,1
EWAS48,IHW,probe.type,1
EWAS48,CAMT,sd.b,8
EWAS48,CAMT,sd.m,1
EWAS48,CAMT,mean,7
EWAS48,CAMT,mad,25
EWAS48,CAMT,dip,10
EWAS48,CAMT,precision,1
EWAS48,CAMT,direction,1
EWAS48,CAMT,refgene.pos,1
EWAS48,CAMT,cpg.loc,0
EWAS48,CAMT,chr,2
EWAS48,CAMT,dhs,1
EWAS48,CAMT,probe.type,1
EWAS48,FDRreg,sd.b,1
EWAS48,FDRreg,sd.m,1
EWAS48,FDRreg,mean,1
EWAS48,FDRreg,mad,1
EWAS48,FDRreg,dip,1
EWAS48,FDRreg,precision,1
EWAS48,FDRreg,direction,1
EWAS48,FDRreg,refgene.pos,1
EWAS48,FDRreg,cpg.loc,1
EWAS48,FDRreg,chr,1
EWAS48,FDRreg,dhs,1
EWAS48,FDRreg,probe.type,1
EWAS48,AdaPT,sd.b,0
EWAS48,AdaPT,sd.m,0
EWAS48,AdaPT,mean,0
EWAS48,AdaPT,mad,0
EWAS48,AdaPT,dip,0
EWAS48,AdaPT,precision,0
EWAS48,AdaPT,direction,0
EWAS48,AdaPT,refgene.pos,0
EWAS48,AdaPT,cpg.loc,0
EWAS48,AdaPT,chr,0
EWAS48,AdaPT,dhs,0
EWAS48,AdaPT,probe.type,0
EWAS48,BL,sd.b,1
EWAS48,BL,sd.m,1
EWAS48,BL,mean,1
EWAS48,BL,mad,1
EWAS48,BL,dip,1
EWAS48,BL,precision,1
EWAS48,BL,direction,1
EWAS48,BL,refgene.pos,1
EWAS48,BL,cpg.loc,1
EWAS48,BL,chr,1
EWAS48,BL,dhs,1
EWAS48,BL,probe.type,1
EWAS49,IHW,sd.b,10
EWAS49,IHW,sd.m,10
EWAS49,IHW,mean,15
EWAS49,IHW,mad,10
EWAS49,IHW,dip,11
EWAS49,IHW,precision,10
EWAS49,IHW,direction,16
EWAS49,IHW,refgene.pos,13
EWAS49,IHW,cpg.loc,10
EWAS49,IHW,chr,15
EWAS49,IHW,dhs,15
EWAS49,IHW,probe.type,7
EWAS49,CAMT,sd.b,16
EWAS49,CAMT,sd.m,14
EWAS49,CAMT,mean,23
EWAS49,CAMT,mad,16
EWAS49,CAMT,dip,15
EWAS49,CAMT,precision,14
EWAS49,CAMT,direction,16
EWAS49,CAMT,refgene.pos,17
EWAS49,CAMT,cpg.loc,12
EWAS49,CAMT,chr,10
EWAS49,CAMT,dhs,15
EWAS49,CAMT,probe.type,12
EWAS49,FDRreg,sd.b,12
EWAS49,FDRreg,sd.m,11
EWAS49,FDRreg,mean,12
EWAS49,FDRreg,mad,12
EWAS49,FDRreg,dip,12
EWAS49,FDRreg,precision,12
EWAS49,FDRreg,direction,12
EWAS49,FDRreg,refgene.pos,12
EWAS49,FDRreg,cpg.loc,12
EWAS49,FDRreg,chr,11
EWAS49,FDRreg,dhs,12
EWAS49,FDRreg,probe.type,11
EWAS49,AdaPT,sd.b,0
EWAS49,AdaPT,sd.m,0
EWAS49,AdaPT,mean,0
EWAS49,AdaPT,mad,0
EWAS49,AdaPT,dip,0
EWAS49,AdaPT,precision,0
EWAS49,AdaPT,direction,0
EWAS49,AdaPT,refgene.pos,0
EWAS49,AdaPT,cpg.loc,0
EWAS49,AdaPT,chr,0
EWAS49,AdaPT,dhs,0
EWAS49,AdaPT,probe.type,0
EWAS49,BL,sd.b,15
EWAS49,BL,sd.m,15
EWAS49,BL,mean,15
EWAS49,BL,mad,15
EWAS49,BL,dip,15
EWAS49,BL,precision,15
EWAS49,BL,direction,15
EWAS49,BL,refgene.pos,15
EWAS49,BL,cpg.loc,15
EWAS49,BL,chr,15
EWAS49,BL,dhs,15
EWAS49,BL,probe.type,15
EWAS50,IHW,sd.b,35034
EWAS50,IHW,sd.m,32539
EWAS50,IHW,mean,35628
EWAS50,IHW,mad,36138
EWAS50,IHW,dip,31694
EWAS50,IHW,precision,33621
EWAS50,IHW,direction,32021
EWAS50,IHW,refgene.pos,32162
EWAS50,IHW,cpg.loc,32478
EWAS50,IHW,chr,31658
EWAS50,IHW,dhs,31714
EWAS50,IHW,probe.type,31903
EWAS50,CAMT,sd.b,42477
EWAS50,CAMT,sd.m,37754
EWAS50,CAMT,mean,43433
EWAS50,CAMT,mad,44233
EWAS50,CAMT,dip,35860
EWAS50,CAMT,precision,39265
EWAS50,CAMT,direction,36523
EWAS50,CAMT,refgene.pos,37009
EWAS50,CAMT,cpg.loc,37341
EWAS50,CAMT,chr,35788
EWAS50,CAMT,dhs,35844
EWAS50,CAMT,probe.type,36601
EWAS50,FDRreg,sd.b,36130
EWAS50,FDRreg,sd.m,34714
EWAS50,FDRreg,mean,36306
EWAS50,FDRreg,mad,36638
EWAS50,FDRreg,dip,34366
EWAS50,FDRreg,precision,35197
EWAS50,FDRreg,direction,34431
EWAS50,FDRreg,refgene.pos,34508
EWAS50,FDRreg,cpg.loc,34621
EWAS50,FDRreg,chr,34350
EWAS50,FDRreg,dhs,34344
EWAS50,FDRreg,probe.type,34418
EWAS50,AdaPT,sd.b,41587
EWAS50,AdaPT,sd.m,37327
EWAS50,AdaPT,mean,42774
EWAS50,AdaPT,mad,43628
EWAS50,AdaPT,dip,35866
EWAS50,AdaPT,precision,38708
EWAS50,AdaPT,direction,36442
EWAS50,AdaPT,refgene.pos,36811
EWAS50,AdaPT,cpg.loc,37022
EWAS50,AdaPT,chr,35730
EWAS50,AdaPT,dhs,35796
EWAS50,AdaPT,probe.type,36489
EWAS50,BL,sd.b,37786
EWAS50,BL,sd.m,36084
EWAS50,BL,mean,38212
EWAS50,BL,mad,38511
EWAS50,BL,dip,35642
EWAS50,BL,precision,36583
EWAS50,BL,direction,35793
EWAS50,BL,refgene.pos,35913
EWAS50,BL,cpg.loc,36044
EWAS50,BL,chr,35611
EWAS50,BL,dhs,35628
EWAS50,BL,probe.type,35817
EWAS51,IHW,sd.b,1119
EWAS51,IHW,sd.m,733
EWAS51,IHW,mean,1528
EWAS51,IHW,mad,1529
EWAS51,IHW,dip,725
EWAS51,IHW,precision,845
EWAS51,IHW,direction,718
EWAS51,IHW,refgene.pos,738
EWAS51,IHW,cpg.loc,749
EWAS51,IHW,chr,725
EWAS51,IHW,dhs,719
EWAS51,IHW,probe.type,725
EWAS51,CAMT,sd.b,1849
EWAS51,CAMT,sd.m,1090
EWAS51,CAMT,mean,2192
EWAS51,CAMT,mad,2490
EWAS51,CAMT,dip,927
EWAS51,CAMT,precision,1230
EWAS51,CAMT,direction,1041
EWAS51,CAMT,refgene.pos,849
EWAS51,CAMT,cpg.loc,1067
EWAS51,CAMT,chr,1011
EWAS51,CAMT,dhs,949
EWAS51,CAMT,probe.type,1062
EWAS51,FDRreg,sd.b,813
EWAS51,FDRreg,sd.m,789
EWAS51,FDRreg,mean,834
EWAS51,FDRreg,mad,838
EWAS51,FDRreg,dip,789
EWAS51,FDRreg,precision,798
EWAS51,FDRreg,direction,789
EWAS51,FDRreg,refgene.pos,790
EWAS51,FDRreg,cpg.loc,791
EWAS51,FDRreg,chr,788
EWAS51,FDRreg,dhs,788
EWAS51,FDRreg,probe.type,789
EWAS51,AdaPT,sd.b,1481
EWAS51,AdaPT,sd.m,814
EWAS51,AdaPT,mean,2185
EWAS51,AdaPT,mad,2351
EWAS51,AdaPT,dip,741
EWAS51,AdaPT,precision,1160
EWAS51,AdaPT,direction,810
EWAS51,AdaPT,refgene.pos,529
EWAS51,AdaPT,cpg.loc,851
EWAS51,AdaPT,chr,541
EWAS51,AdaPT,dhs,991
EWAS51,AdaPT,probe.type,933
EWAS51,BL,sd.b,916
EWAS51,BL,sd.m,856
EWAS51,BL,mean,983
EWAS51,BL,mad,991
EWAS51,BL,dip,857
EWAS51,BL,precision,863
EWAS51,BL,direction,848
EWAS51,BL,refgene.pos,861
EWAS51,BL,cpg.loc,860
EWAS51,BL,chr,852
EWAS51,BL,dhs,855
EWAS51,BL,probe.type,852
EWAS52,IHW,sd.b,0
EWAS52,IHW,sd.m,0
EWAS52,IHW,mean,0
EWAS52,IHW,mad,0
EWAS52,IHW,dip,0
EWAS52,IHW,precision,0
EWAS52,IHW,direction,0
EWAS52,IHW,refgene.pos,0
EWAS52,IHW,cpg.loc,0
EWAS52,IHW,chr,0
EWAS52,IHW,dhs,0
EWAS52,IHW,probe.type,0
EWAS52,CAMT,sd.b,0
EWAS52,CAMT,sd.m,0
EWAS52,CAMT,mean,1
EWAS52,CAMT,mad,0
EWAS52,CAMT,dip,0
EWAS52,CAMT,precision,0
EWAS52,CAMT,direction,1
EWAS52,CAMT,refgene.pos,1
EWAS52,CAMT,cpg.loc,0
EWAS52,CAMT,chr,1
EWAS52,CAMT,dhs,0
EWAS52,CAMT,probe.type,0
EWAS52,FDRreg,sd.b,0
EWAS52,FDRreg,sd.m,0
EWAS52,FDRreg,mean,0
EWAS52,FDRreg,mad,0
EWAS52,FDRreg,dip,0
EWAS52,FDRreg,precision,0
EWAS52,FDRreg,direction,0
EWAS52,FDRreg,refgene.pos,0
EWAS52,FDRreg,cpg.loc,0
EWAS52,FDRreg,chr,0
EWAS52,FDRreg,dhs,0
EWAS52,FDRreg,probe.type,0
EWAS52,AdaPT,sd.b,0
EWAS52,AdaPT,sd.m,0
EWAS52,AdaPT,mean,0
EWAS52,AdaPT,mad,0
EWAS52,AdaPT,dip,0
EWAS52,AdaPT,precision,0
EWAS52,AdaPT,direction,0
EWAS52,AdaPT,refgene.pos,0
EWAS52,AdaPT,cpg.loc,0
EWAS52,AdaPT,chr,0
EWAS52,AdaPT,dhs,0
EWAS52,AdaPT,probe.type,0
EWAS52,BL,sd.b,0
EWAS52,BL,sd.m,0
EWAS52,BL,mean,0
EWAS52,BL,mad,0
EWAS52,BL,dip,0
EWAS52,BL,precision,0
EWAS52,BL,direction,0
EWAS52,BL,refgene.pos,0
EWAS52,BL,cpg.loc,0
EWAS52,BL,chr,0
EWAS52,BL,dhs,0
EWAS52,BL,probe.type,0
EWAS53,IHW,sd.b,0
EWAS53,IHW,sd.m,0
EWAS53,IHW,mean,0
EWAS53,IHW,mad,0
EWAS53,IHW,dip,0
EWAS53,IHW,precision,0
EWAS53,IHW,direction,0
EWAS53,IHW,refgene.pos,0
EWAS53,IHW,cpg.loc,0
EWAS53,IHW,chr,0
EWAS53,IHW,dhs,0
EWAS53,IHW,probe.type,0
EWAS53,CAMT,sd.b,0
EWAS53,CAMT,sd.m,0
EWAS53,CAMT,mean,0
EWAS53,CAMT,mad,0
EWAS53,CAMT,dip,0
EWAS53,CAMT,precision,0
EWAS53,CAMT,direction,0
EWAS53,CAMT,refgene.pos,0
EWAS53,CAMT,cpg.loc,0
EWAS53,CAMT,chr,0
EWAS53,CAMT,dhs,0
EWAS53,CAMT,probe.type,0
EWAS53,FDRreg,sd.b,0
EWAS53,FDRreg,sd.m,0
EWAS53,FDRreg,mean,0
EWAS53,FDRreg,mad,0
EWAS53,FDRreg,dip,0
EWAS53,FDRreg,precision,0
EWAS53,FDRreg,direction,0
EWAS53,FDRreg,refgene.pos,0
EWAS53,FDRreg,cpg.loc,0
EWAS53,FDRreg,chr,0
EWAS53,FDRreg,dhs,0
EWAS53,FDRreg,probe.type,0
EWAS53,AdaPT,sd.b,0
EWAS53,AdaPT,sd.m,0
EWAS53,AdaPT,mean,0
EWAS53,AdaPT,mad,0
EWAS53,AdaPT,dip,0
EWAS53,AdaPT,precision,0
EWAS53,AdaPT,direction,0
EWAS53,AdaPT,refgene.pos,0
EWAS53,AdaPT,cpg.loc,0
EWAS53,AdaPT,chr,0
EWAS53,AdaPT,dhs,0
EWAS53,AdaPT,probe.type,0
EWAS53,BL,sd.b,0
EWAS53,BL,sd.m,0
EWAS53,BL,mean,0
EWAS53,BL,mad,0
EWAS53,BL,dip,0
EWAS53,BL,precision,0
EWAS53,BL,direction,0
EWAS53,BL,refgene.pos,0
EWAS53,BL,cpg.loc,0
EWAS53,BL,chr,0
EWAS53,BL,dhs,0
EWAS53,BL,probe.type,0
EWAS54,IHW,sd.b,35
EWAS54,IHW,sd.m,40
EWAS54,IHW,mean,38
EWAS54,IHW,mad,26
EWAS54,IHW,dip,32
EWAS54,IHW,precision,30
EWAS54,IHW,direction,30
EWAS54,IHW,refgene.pos,33
EWAS54,IHW,cpg.loc,33
EWAS54,IHW,chr,25
EWAS54,IHW,dhs,43
EWAS54,IHW,probe.type,29
EWAS54,CAMT,sd.b,52
EWAS54,CAMT,sd.m,39
EWAS54,CAMT,mean,26
EWAS54,CAMT,mad,26
EWAS54,CAMT,dip,45
EWAS54,CAMT,precision,57
EWAS54,CAMT,direction,27
EWAS54,CAMT,refgene.pos,39
EWAS54,CAMT,cpg.loc,43
EWAS54,CAMT,chr,47
EWAS54,CAMT,dhs,43
EWAS54,CAMT,probe.type,37
EWAS54,FDRreg,sd.b,28
EWAS54,FDRreg,sd.m,28
EWAS54,FDRreg,mean,28
EWAS54,FDRreg,mad,28
EWAS54,FDRreg,dip,29
EWAS54,FDRreg,precision,28
EWAS54,FDRreg,direction,28
EWAS54,FDRreg,refgene.pos,28
EWAS54,FDRreg,cpg.loc,28
EWAS54,FDRreg,chr,28
EWAS54,FDRreg,dhs,28
EWAS54,FDRreg,probe.type,28
EWAS54,AdaPT,sd.b,0
EWAS54,AdaPT,sd.m,0
EWAS54,AdaPT,mean,0
EWAS54,AdaPT,mad,0
EWAS54,AdaPT,dip,0
EWAS54,AdaPT,precision,0
EWAS54,AdaPT,direction,0
EWAS54,AdaPT,refgene.pos,0
EWAS54,AdaPT,cpg.loc,24
EWAS54,AdaPT,chr,0
EWAS54,AdaPT,dhs,0
EWAS54,AdaPT,probe.type,22
EWAS54,BL,sd.b,32
EWAS54,BL,sd.m,32
EWAS54,BL,mean,32
EWAS54,BL,mad,33
EWAS54,BL,dip,32
EWAS54,BL,precision,32
EWAS54,BL,direction,32
EWAS54,BL,refgene.pos,32
EWAS54,BL,cpg.loc,32
EWAS54,BL,chr,32
EWAS54,BL,dhs,32
EWAS54,BL,probe.type,32
EWAS55,IHW,sd.b,8
EWAS55,IHW,sd.m,1
EWAS55,IHW,mean,11
EWAS55,IHW,mad,13
EWAS55,IHW,dip,1
EWAS55,IHW,precision,9
EWAS55,IHW,direction,1
EWAS55,IHW,refgene.pos,1
EWAS55,IHW,cpg.loc,1
EWAS55,IHW,chr,1
EWAS55,IHW,dhs,1
EWAS55,IHW,probe.type,1
EWAS55,CAMT,sd.b,39
EWAS55,CAMT,sd.m,2
EWAS55,CAMT,mean,25
EWAS55,CAMT,mad,37
EWAS55,CAMT,dip,3
EWAS55,CAMT,precision,9
EWAS55,CAMT,direction,1
EWAS55,CAMT,refgene.pos,2
EWAS55,CAMT,cpg.loc,3
EWAS55,CAMT,chr,2
EWAS55,CAMT,dhs,3
EWAS55,CAMT,probe.type,3
EWAS55,FDRreg,sd.b,1
EWAS55,FDRreg,sd.m,1
EWAS55,FDRreg,mean,1
EWAS55,FDRreg,mad,1
EWAS55,FDRreg,dip,1
EWAS55,FDRreg,precision,1
EWAS55,FDRreg,direction,1
EWAS55,FDRreg,refgene.pos,1
EWAS55,FDRreg,cpg.loc,1
EWAS55,FDRreg,chr,1
EWAS55,FDRreg,dhs,1
EWAS55,FDRreg,probe.type,1
EWAS55,AdaPT,sd.b,0
EWAS55,AdaPT,sd.m,26
EWAS55,AdaPT,mean,89
EWAS55,AdaPT,mad,0
EWAS55,AdaPT,dip,0
EWAS55,AdaPT,precision,0
EWAS55,AdaPT,direction,0
EWAS55,AdaPT,refgene.pos,25
EWAS55,AdaPT,cpg.loc,0
EWAS55,AdaPT,chr,0
EWAS55,AdaPT,dhs,0
EWAS55,AdaPT,probe.type,0
EWAS55,BL,sd.b,2
EWAS55,BL,sd.m,2
EWAS55,BL,mean,2
EWAS55,BL,mad,2
EWAS55,BL,dip,2
EWAS55,BL,precision,2
EWAS55,BL,direction,1
EWAS55,BL,refgene.pos,2
EWAS55,BL,cpg.loc,2
EWAS55,BL,chr,2
EWAS55,BL,dhs,2
EWAS55,BL,probe.type,2
EWAS56,IHW,sd.b,1904
EWAS56,IHW,sd.m,1634
EWAS56,IHW,mean,2047
EWAS56,IHW,mad,1897
EWAS56,IHW,dip,1392
EWAS56,IHW,precision,1820
EWAS56,IHW,direction,1373
EWAS56,IHW,refgene.pos,1393
EWAS56,IHW,cpg.loc,1486
EWAS56,IHW,chr,1416
EWAS56,IHW,dhs,1441
EWAS56,IHW,probe.type,1482
EWAS56,CAMT,sd.b,2475
EWAS56,CAMT,sd.m,1794
EWAS56,CAMT,mean,2605
EWAS56,CAMT,mad,2499
EWAS56,CAMT,dip,1407
EWAS56,CAMT,precision,2525
EWAS56,CAMT,direction,1391
EWAS56,CAMT,refgene.pos,1360
EWAS56,CAMT,cpg.loc,1549
EWAS56,CAMT,chr,1471
EWAS56,CAMT,dhs,1514
EWAS56,CAMT,probe.type,1453
EWAS56,FDRreg,sd.b,1554
EWAS56,FDRreg,sd.m,1535
EWAS56,FDRreg,mean,1561
EWAS56,FDRreg,mad,1554
EWAS56,FDRreg,dip,1524
EWAS56,FDRreg,precision,1549
EWAS56,FDRreg,direction,1523
EWAS56,FDRreg,refgene.pos,1524
EWAS56,FDRreg,cpg.loc,1527
EWAS56,FDRreg,chr,1524
EWAS56,FDRreg,dhs,1524
EWAS56,FDRreg,probe.type,1527
EWAS56,AdaPT,sd.b,2048
EWAS56,AdaPT,sd.m,1629
EWAS56,AdaPT,mean,2290
EWAS56,AdaPT,mad,2162
EWAS56,AdaPT,dip,1361
EWAS56,AdaPT,precision,2146
EWAS56,AdaPT,direction,1366
EWAS56,AdaPT,refgene.pos,1237
EWAS56,AdaPT,cpg.loc,1481
EWAS56,AdaPT,chr,1363
EWAS56,AdaPT,dhs,1336
EWAS56,AdaPT,probe.type,1313
EWAS56,BL,sd.b,1709
EWAS56,BL,sd.m,1629
EWAS56,BL,mean,1720
EWAS56,BL,mad,1712
EWAS56,BL,dip,1602
EWAS56,BL,precision,1686
EWAS56,BL,direction,1611
EWAS56,BL,refgene.pos,1605
EWAS56,BL,cpg.loc,1631
EWAS56,BL,chr,1608
EWAS56,BL,dhs,1610
EWAS56,BL,probe.type,1626
EWAS57,IHW,sd.b,137
EWAS57,IHW,sd.m,129
EWAS57,IHW,mean,155
EWAS57,IHW,mad,142
EWAS57,IHW,dip,114
EWAS57,IHW,precision,137
EWAS57,IHW,refgene.pos,131
EWAS57,IHW,cpg.loc,127
EWAS57,IHW,chr,123
EWAS57,IHW,dhs,119
EWAS57,IHW,probe.type,129
EWAS57,CAMT,sd.b,164
EWAS57,CAMT,sd.m,147
EWAS57,CAMT,mean,168
EWAS57,CAMT,mad,161
EWAS57,CAMT,dip,130
EWAS57,CAMT,precision,156
EWAS57,CAMT,refgene.pos,146
EWAS57,CAMT,cpg.loc,127
EWAS57,CAMT,chr,137
EWAS57,CAMT,dhs,117
EWAS57,CAMT,probe.type,129
EWAS57,FDRreg,sd.b,129
EWAS57,FDRreg,sd.m,129
EWAS57,FDRreg,mean,129
EWAS57,FDRreg,mad,129
EWAS57,FDRreg,dip,129
EWAS57,FDRreg,precision,129
EWAS57,FDRreg,refgene.pos,129
EWAS57,FDRreg,cpg.loc,129
EWAS57,FDRreg,chr,129
EWAS57,FDRreg,dhs,129
EWAS57,FDRreg,probe.type,129
EWAS57,AdaPT,sd.b,147
EWAS57,AdaPT,sd.m,125
EWAS57,AdaPT,mean,24
EWAS57,AdaPT,mad,105
EWAS57,AdaPT,dip,0
EWAS57,AdaPT,precision,114
EWAS57,AdaPT,refgene.pos,84
EWAS57,AdaPT,cpg.loc,26
EWAS57,AdaPT,chr,30
EWAS57,AdaPT,dhs,0
EWAS57,AdaPT,probe.type,42
EWAS57,BL,sd.b,126
EWAS57,BL,sd.m,125
EWAS57,BL,mean,125
EWAS57,BL,mad,126
EWAS57,BL,dip,123
EWAS57,BL,precision,126
EWAS57,BL,refgene.pos,124
EWAS57,BL,cpg.loc,124
EWAS57,BL,chr,124
EWAS57,BL,dhs,125
EWAS57,BL,probe.type,124
EWAS58,IHW,sd.b,0
EWAS58,IHW,sd.m,0
EWAS58,IHW,mean,0
EWAS58,IHW,mad,0
EWAS58,IHW,dip,0
EWAS58,IHW,precision,2
EWAS58,IHW,direction,0
EWAS58,IHW,refgene.pos,0
EWAS58,IHW,cpg.loc,0
EWAS58,IHW,chr,0
EWAS58,IHW,dhs,0
EWAS58,IHW,probe.type,0
EWAS58,CAMT,sd.b,0
EWAS58,CAMT,sd.m,1
EWAS58,CAMT,mean,0
EWAS58,CAMT,mad,0
EWAS58,CAMT,dip,0
EWAS58,CAMT,precision,0
EWAS58,CAMT,direction,0
EWAS58,CAMT,refgene.pos,0
EWAS58,CAMT,cpg.loc,0
EWAS58,CAMT,chr,0
EWAS58,CAMT,dhs,0
EWAS58,CAMT,probe.type,3
EWAS58,FDRreg,sd.b,0
EWAS58,FDRreg,sd.m,0
EWAS58,FDRreg,mean,0
EWAS58,FDRreg,mad,0
EWAS58,FDRreg,dip,0
EWAS58,FDRreg,precision,0
EWAS58,FDRreg,direction,0
EWAS58,FDRreg,refgene.pos,0
EWAS58,FDRreg,cpg.loc,0
EWAS58,FDRreg,chr,0
EWAS58,FDRreg,dhs,0
EWAS58,FDRreg,probe.type,0
EWAS58,AdaPT,sd.b,0
EWAS58,AdaPT,sd.m,0
EWAS58,AdaPT,mean,0
EWAS58,AdaPT,mad,0
EWAS58,AdaPT,dip,0
EWAS58,AdaPT,precision,0
EWAS58,AdaPT,direction,0
EWAS58,AdaPT,refgene.pos,0
EWAS58,AdaPT,cpg.loc,0
EWAS58,AdaPT,chr,0
EWAS58,AdaPT,dhs,0
EWAS58,AdaPT,probe.type,0
EWAS58,BL,sd.b,0
EWAS58,BL,sd.m,0
EWAS58,BL,mean,0
EWAS58,BL,mad,0
EWAS58,BL,dip,0
EWAS58,BL,precision,0
EWAS58,BL,direction,0
EWAS58,BL,refgene.pos,0
EWAS58,BL,cpg.loc,0
EWAS58,BL,chr,0
EWAS58,BL,dhs,0
EWAS58,BL,probe.type,0
EWAS59,IHW,sd.b,771
EWAS59,IHW,sd.m,509
EWAS59,IHW,mean,732
EWAS59,IHW,mad,722
EWAS59,IHW,dip,486
EWAS59,IHW,precision,658
EWAS59,IHW,direction,474
EWAS59,IHW,refgene.pos,493
EWAS59,IHW,cpg.loc,498
EWAS59,IHW,chr,518
EWAS59,IHW,dhs,486
EWAS59,IHW,probe.type,529
EWAS59,CAMT,sd.b,1243
EWAS59,CAMT,sd.m,805
EWAS59,CAMT,mean,999
EWAS59,CAMT,mad,1188
EWAS59,CAMT,dip,758
EWAS59,CAMT,precision,1223
EWAS59,CAMT,direction,797
EWAS59,CAMT,refgene.pos,681
EWAS59,CAMT,cpg.loc,701
EWAS59,CAMT,chr,806
EWAS59,CAMT,dhs,735
EWAS59,CAMT,probe.type,701
EWAS59,FDRreg,sd.b,596
EWAS59,FDRreg,sd.m,583
EWAS59,FDRreg,mean,597
EWAS59,FDRreg,mad,596
EWAS59,FDRreg,dip,581
EWAS59,FDRreg,precision,591
EWAS59,FDRreg,direction,581
EWAS59,FDRreg,refgene.pos,581
EWAS59,FDRreg,cpg.loc,582
EWAS59,FDRreg,chr,581
EWAS59,FDRreg,dhs,581
EWAS59,FDRreg,probe.type,582
EWAS59,AdaPT,sd.b,1145
EWAS59,AdaPT,sd.m,702
EWAS59,AdaPT,mean,775
EWAS59,AdaPT,mad,1087
EWAS59,AdaPT,dip,757
EWAS59,AdaPT,precision,1122
EWAS59,AdaPT,direction,813
EWAS59,AdaPT,refgene.pos,727
EWAS59,AdaPT,cpg.loc,624
EWAS59,AdaPT,chr,751
EWAS59,AdaPT,dhs,713
EWAS59,AdaPT,probe.type,663
EWAS59,BL,sd.b,679
EWAS59,BL,sd.m,643
EWAS59,BL,mean,678
EWAS59,BL,mad,679
EWAS59,BL,dip,633
EWAS59,BL,precision,663
EWAS59,BL,direction,645
EWAS59,BL,refgene.pos,647
EWAS59,BL,cpg.loc,644
EWAS59,BL,chr,643
EWAS59,BL,dhs,632
EWAS59,BL,probe.type,639
EWAS60,IHW,sd.b,12567
EWAS60,IHW,sd.m,10675
EWAS60,IHW,mean,14152
EWAS60,IHW,mad,12390
EWAS60,IHW,dip,10007
EWAS60,IHW,precision,10937
EWAS60,IHW,direction,10220
EWAS60,IHW,refgene.pos,10307
EWAS60,IHW,cpg.loc,10324
EWAS60,IHW,chr,10028
EWAS60,IHW,dhs,10052
EWAS60,IHW,probe.type,10460
EWAS60,CAMT,sd.b,16326
EWAS60,CAMT,sd.m,12666
EWAS60,CAMT,mean,18665
EWAS60,CAMT,mad,16643
EWAS60,CAMT,dip,11884
EWAS60,CAMT,precision,13730
EWAS60,CAMT,direction,12642
EWAS60,CAMT,refgene.pos,12986
EWAS60,CAMT,cpg.loc,12973
EWAS60,CAMT,chr,12051
EWAS60,CAMT,dhs,12131
EWAS60,CAMT,probe.type,13111
EWAS60,FDRreg,sd.b,12213
EWAS60,FDRreg,sd.m,11799
EWAS60,FDRreg,mean,12580
EWAS60,FDRreg,mad,12193
EWAS60,FDRreg,dip,11637
EWAS60,FDRreg,precision,11867
EWAS60,FDRreg,direction,11686
EWAS60,FDRreg,refgene.pos,11697
EWAS60,FDRreg,cpg.loc,11701
EWAS60,FDRreg,chr,11631
EWAS60,FDRreg,dhs,11621
EWAS60,FDRreg,probe.type,11721
EWAS60,AdaPT,sd.b,16471
EWAS60,AdaPT,sd.m,12813
EWAS60,AdaPT,mean,18388
EWAS60,AdaPT,mad,16492
EWAS60,AdaPT,dip,11823
EWAS60,AdaPT,precision,13050
EWAS60,AdaPT,direction,12386
EWAS60,AdaPT,refgene.pos,12469
EWAS60,AdaPT,cpg.loc,12447
EWAS60,AdaPT,chr,12241
EWAS60,AdaPT,dhs,12101
EWAS60,AdaPT,probe.type,12532
EWAS60,BL,sd.b,13455
EWAS60,BL,sd.m,12927
EWAS60,BL,mean,14211
EWAS60,BL,mad,13443
EWAS60,BL,dip,12464
EWAS60,BL,precision,12766
EWAS60,BL,direction,12667
EWAS60,BL,refgene.pos,12636
EWAS60,BL,cpg.loc,12616
EWAS60,BL,chr,12460
EWAS60,BL,dhs,12437
EWAS60,BL,probe.type,12700
EWAS61,IHW,sd.b,577
EWAS61,IHW,sd.m,704
EWAS61,IHW,mean,394
EWAS61,IHW,mad,506
EWAS61,IHW,dip,409
EWAS61,IHW,precision,705
EWAS61,IHW,direction,317
EWAS61,IHW,refgene.pos,310
EWAS61,IHW,cpg.loc,334
EWAS61,IHW,chr,322
EWAS61,IHW,dhs,326
EWAS61,IHW,probe.type,347
EWAS61,CAMT,sd.b,636
EWAS61,CAMT,sd.m,970
EWAS61,CAMT,mean,262
EWAS61,CAMT,mad,442
EWAS61,CAMT,dip,430
EWAS61,CAMT,precision,1134
EWAS61,CAMT,direction,288
EWAS61,CAMT,refgene.pos,250
EWAS61,CAMT,cpg.loc,283
EWAS61,CAMT,chr,376
EWAS61,CAMT,dhs,312
EWAS61,CAMT,probe.type,296
EWAS61,FDRreg,sd.b,509
EWAS61,FDRreg,sd.m,530
EWAS61,FDRreg,mean,379
EWAS61,FDRreg,mad,436
EWAS61,FDRreg,dip,395
EWAS61,FDRreg,precision,521
EWAS61,FDRreg,direction,379
EWAS61,FDRreg,refgene.pos,379
EWAS61,FDRreg,cpg.loc,379
EWAS61,FDRreg,chr,381
EWAS61,FDRreg,dhs,379
EWAS61,FDRreg,probe.type,380
EWAS61,AdaPT,sd.b,639
EWAS61,AdaPT,sd.m,1150
EWAS61,AdaPT,mean,0
EWAS61,AdaPT,mad,411
EWAS61,AdaPT,dip,446
EWAS61,AdaPT,precision,1160
EWAS61,AdaPT,direction,31
EWAS61,AdaPT,refgene.pos,0
EWAS61,AdaPT,cpg.loc,63
EWAS61,AdaPT,chr,257
EWAS61,AdaPT,dhs,235
EWAS61,AdaPT,probe.type,42
EWAS61,BL,sd.b,478
EWAS61,BL,sd.m,497
EWAS61,BL,mean,385
EWAS61,BL,mad,464
EWAS61,BL,dip,386
EWAS61,BL,precision,578
EWAS61,BL,direction,377
EWAS61,BL,refgene.pos,373
EWAS61,BL,cpg.loc,381
EWAS61,BL,chr,374
EWAS61,BL,dhs,367
EWAS61,BL,probe.type,382